2026-04-27 15:33:46,390 INFO o.a.j.u.JMeterUtils: Setting Locale to en_EN
2026-04-27 15:33:46,407 INFO o.a.j.JMeter: Loading user properties from: /opt/homebrew/Cellar/jmeter/5.6.3/libexec/bin/user.properties
2026-04-27 15:33:46,409 INFO o.a.j.JMeter: Loading system properties from: /opt/homebrew/Cellar/jmeter/5.6.3/libexec/bin/system.properties
2026-04-27 15:33:46,409 INFO o.a.j.JMeter: Setting JMeter property: PROTOCOL=http
2026-04-27 15:33:46,409 INFO o.a.j.JMeter: Setting JMeter property: HOST=af891098b45e64a1e93d1c0bf47ad248-527212904.us-west-1.elb.amazonaws.com
2026-04-27 15:33:46,409 INFO o.a.j.JMeter: Setting JMeter property: PORT=80
2026-04-27 15:33:46,409 INFO o.a.j.JMeter: Setting JMeter property: THREADS=500
2026-04-27 15:33:46,410 INFO o.a.j.JMeter: Setting JMeter property: RAMP_UP=60
2026-04-27 15:33:46,410 INFO o.a.j.JMeter: Setting JMeter property: LOOPS=1
2026-04-27 15:33:46,410 INFO o.a.j.JMeter: Setting JMeter property: CONNECT_TIMEOUT=15000
2026-04-27 15:33:46,410 INFO o.a.j.JMeter: Setting JMeter property: RESPONSE_TIMEOUT=120000
2026-04-27 15:33:46,410 INFO o.a.j.JMeter: Setting JMeter property: LOGIN_EMAIL=scale-user-2@example.com
2026-04-27 15:33:46,410 INFO o.a.j.JMeter: Setting JMeter property: LOGIN_PASSWORD=Password123!
2026-04-27 15:33:46,410 INFO o.a.j.JMeter: Setting JMeter property: RESTAURANT_ID=1
2026-04-27 15:33:46,410 INFO o.a.j.JMeter: Setting JMeter property: SEARCH_CITY=Palo Alto
2026-04-27 15:33:46,410 INFO o.a.j.JMeter: Setting JMeter property: SEARCH_CUISINE=Indian
2026-04-27 15:33:46,413 INFO o.a.j.JMeter: Copyright (c) 1998-2024 The Apache Software Foundation
2026-04-27 15:33:46,413 INFO o.a.j.JMeter: Version 5.6.3
2026-04-27 15:33:46,414 INFO o.a.j.JMeter: java.version=21.0.11
2026-04-27 15:33:46,414 INFO o.a.j.JMeter: java.vm.name=OpenJDK 64-Bit Server VM
2026-04-27 15:33:46,414 INFO o.a.j.JMeter: os.name=Mac OS X
2026-04-27 15:33:46,414 INFO o.a.j.JMeter: os.arch=aarch64
2026-04-27 15:33:46,414 INFO o.a.j.JMeter: os.version=15.7.3
2026-04-27 15:33:46,414 INFO o.a.j.JMeter: file.encoding=UTF-8
2026-04-27 15:33:46,414 INFO o.a.j.JMeter: java.awt.headless=true
2026-04-27 15:33:46,414 INFO o.a.j.JMeter: Max memory     =1073741824
2026-04-27 15:33:46,414 INFO o.a.j.JMeter: Available Processors =12
2026-04-27 15:33:46,418 INFO o.a.j.JMeter: Default Locale=English (EN)
2026-04-27 15:33:46,418 INFO o.a.j.JMeter: JMeter  Locale=English (EN)
2026-04-27 15:33:46,418 INFO o.a.j.JMeter: JMeterHome=/opt/homebrew/Cellar/jmeter/5.6.3/libexec
2026-04-27 15:33:46,418 INFO o.a.j.JMeter: user.dir  =/Users/jimhe/Documents/sjsu/DATA236/Lab1
2026-04-27 15:33:46,418 INFO o.a.j.JMeter: PWD       =/Users/jimhe/Documents/sjsu/DATA236/Lab1
2026-04-27 15:33:46,427 INFO o.a.j.JMeter: IP: 192.168.50.60 Name: Mac FullName: mac
2026-04-27 15:33:46,437 INFO o.a.j.JMeter: Setting property 'jmeter.reportgenerator.outputdir' to:'/Users/jimhe/Documents/sjsu/DATA236/Lab1/jmeter/results/aws-final-20260427-152721/report-500-final'
2026-04-27 15:33:46,439 INFO o.a.j.s.FileServer: Default base='/Users/jimhe/Documents/sjsu/DATA236/Lab1'
2026-04-27 15:33:46,440 INFO o.a.j.s.FileServer: Set new base='/Users/jimhe/Documents/sjsu/DATA236/Lab1/jmeter'
2026-04-27 15:33:46,524 INFO o.a.j.s.SaveService: Testplan (JMX) version: 2.2. Testlog (JTL) version: 2.2
2026-04-27 15:33:46,537 INFO o.a.j.s.SaveService: Using SaveService properties version 5.0
2026-04-27 15:33:46,539 INFO o.a.j.s.SaveService: Using SaveService properties file encoding UTF-8
2026-04-27 15:33:46,540 INFO o.a.j.s.SaveService: Loading file: jmeter/lab2-yelp-load-test.jmx
2026-04-27 15:33:46,559 INFO o.a.j.p.h.c.CookieManager: Settings: Delete null: true Check: true Allow variable: true Save: false Prefix: COOKIE_
2026-04-27 15:33:46,572 INFO o.a.j.p.h.s.HTTPSamplerBase: Parser for text/html is org.apache.jmeter.protocol.http.parser.LagartoBasedHtmlParser
2026-04-27 15:33:46,572 INFO o.a.j.p.h.s.HTTPSamplerBase: Parser for application/xhtml+xml is org.apache.jmeter.protocol.http.parser.LagartoBasedHtmlParser
2026-04-27 15:33:46,572 INFO o.a.j.p.h.s.HTTPSamplerBase: Parser for application/xml is org.apache.jmeter.protocol.http.parser.LagartoBasedHtmlParser
2026-04-27 15:33:46,572 INFO o.a.j.p.h.s.HTTPSamplerBase: Parser for text/xml is org.apache.jmeter.protocol.http.parser.LagartoBasedHtmlParser
2026-04-27 15:33:46,572 INFO o.a.j.p.h.s.HTTPSamplerBase: Parser for text/vnd.wap.wml is org.apache.jmeter.protocol.http.parser.RegexpHTMLParser
2026-04-27 15:33:46,572 INFO o.a.j.p.h.s.HTTPSamplerBase: Parser for text/css is org.apache.jmeter.protocol.http.parser.CssParser
2026-04-27 15:33:46,581 INFO o.a.j.JMeter: Creating summariser <summary>
2026-04-27 15:33:46,586 INFO o.a.j.r.d.ReportGenerator: ReportGenerator will use for Parsing the separator: ','
2026-04-27 15:33:46,586 INFO o.a.j.r.d.ReportGenerator: Will generate report at end of test from  results file: jmeter/results/aws-final-20260427-152721/run-500-final.jtl
2026-04-27 15:33:46,586 INFO o.a.j.r.d.ReportGenerator: Reading report generator properties from: /opt/homebrew/Cellar/jmeter/5.6.3/libexec/bin/reportgenerator.properties
2026-04-27 15:33:46,587 INFO o.a.j.r.d.ReportGenerator: Merging with JMeter properties
2026-04-27 15:33:46,589 INFO o.a.j.r.c.ReportGeneratorConfiguration: Property 'jmeter.reportgenerator.temp_dir' not found, using default value 'temp' instead.
2026-04-27 15:33:46,590 INFO o.a.j.r.c.ReportGeneratorConfiguration: Property 'jmeter.reportgenerator.apdex_per_transaction' not found, using default value 'null' instead.
2026-04-27 15:33:46,590 INFO o.a.j.r.c.ReportGeneratorConfiguration: apdex_per_transaction is empty, not APDEX per transaction customization
2026-04-27 15:33:46,590 INFO o.a.j.r.c.ReportGeneratorConfiguration: Property 'jmeter.reportgenerator.sample_filter' not found, using default value 'null' instead.
2026-04-27 15:33:46,590 INFO o.a.j.r.c.ReportGeneratorConfiguration: Property 'jmeter.reportgenerator.report_title' not found, using default value 'null' instead.
2026-04-27 15:33:46,590 INFO o.a.j.r.c.ReportGeneratorConfiguration: Property 'jmeter.reportgenerator.start_date' not found, using default value 'null' instead.
2026-04-27 15:33:46,590 INFO o.a.j.r.c.ReportGeneratorConfiguration: Property 'jmeter.reportgenerator.end_date' not found, using default value 'null' instead.
2026-04-27 15:33:46,590 INFO o.a.j.r.c.ReportGeneratorConfiguration: Property 'jmeter.reportgenerator.date_format' not found, using default value 'null' instead.
2026-04-27 15:33:46,590 INFO o.a.j.r.c.ReportGeneratorConfiguration: Will use date range start date: null, end date: null
2026-04-27 15:33:46,592 INFO o.a.j.r.c.ReportGeneratorConfiguration: Property 'jmeter.reportgenerator.graph.totalTPS.exclude_controllers' not found, using default value 'false' instead.
2026-04-27 15:33:46,592 INFO o.a.j.r.c.ReportGeneratorConfiguration: Property 'jmeter.reportgenerator.graph.activeThreadsOverTime.exclude_controllers' not found, using default value 'false' instead.
2026-04-27 15:33:46,592 INFO o.a.j.r.c.ReportGeneratorConfiguration: Property 'jmeter.reportgenerator.graph.timeVsThreads.exclude_controllers' not found, using default value 'false' instead.
2026-04-27 15:33:46,592 INFO o.a.j.r.c.ReportGeneratorConfiguration: Property 'jmeter.reportgenerator.graph.responseTimeDistribution.exclude_controllers' not found, using default value 'false' instead.
2026-04-27 15:33:46,592 INFO o.a.j.r.c.ReportGeneratorConfiguration: Property 'jmeter.reportgenerator.graph.transactionsPerSecond.exclude_controllers' not found, using default value 'false' instead.
2026-04-27 15:33:46,592 INFO o.a.j.r.c.ReportGeneratorConfiguration: Property 'jmeter.reportgenerator.graph.responseTimePercentiles.exclude_controllers' not found, using default value 'false' instead.
2026-04-27 15:33:46,592 INFO o.a.j.r.c.ReportGeneratorConfiguration: Property 'jmeter.reportgenerator.graph.responseTimePercentilesOverTime.exclude_controllers' not found, using default value 'false' instead.
2026-04-27 15:33:46,592 INFO o.a.j.r.c.ReportGeneratorConfiguration: Property 'jmeter.reportgenerator.graph.responseTimesOverTime.exclude_controllers' not found, using default value 'false' instead.
2026-04-27 15:33:46,592 INFO o.a.j.r.c.ReportGeneratorConfiguration: Property 'jmeter.reportgenerator.graph.connectTimeOverTime.exclude_controllers' not found, using default value 'false' instead.
2026-04-27 15:33:46,592 INFO o.a.j.r.c.ReportGeneratorConfiguration: Property 'jmeter.reportgenerator.graph.latenciesOverTime.exclude_controllers' not found, using default value 'false' instead.
2026-04-27 15:33:46,593 INFO o.a.j.r.c.ReportGeneratorConfiguration: Property 'jmeter.reportgenerator.exporter.json.filters_only_sample_series' not found, using default value 'true' instead.
2026-04-27 15:33:46,593 INFO o.a.j.r.c.ReportGeneratorConfiguration: Property 'jmeter.reportgenerator.exporter.json.series_filter' not found, using default value '' instead.
2026-04-27 15:33:46,593 INFO o.a.j.r.c.ReportGeneratorConfiguration: Property 'jmeter.reportgenerator.exporter.json.show_controllers_only' not found, using default value 'false' instead.
2026-04-27 15:33:46,593 INFO o.a.j.r.c.ReportGeneratorConfiguration: Property 'jmeter.reportgenerator.exporter.html.filters_only_sample_series' not found, using default value 'true' instead.
2026-04-27 15:33:46,593 INFO o.a.j.r.c.ReportGeneratorConfiguration: Property 'jmeter.reportgenerator.exporter.html.series_filter' not found, using default value '' instead.
2026-04-27 15:33:46,593 INFO o.a.j.r.c.ReportGeneratorConfiguration: Property 'jmeter.reportgenerator.exporter.html.show_controllers_only' not found, using default value 'false' instead.
2026-04-27 15:33:46,601 INFO o.a.j.e.StandardJMeterEngine: Running the test!
2026-04-27 15:33:46,602 INFO o.a.j.s.SampleEvent: List of sample_variables: []
2026-04-27 15:33:46,603 INFO o.a.j.s.SampleEvent: List of sample_variables: []
2026-04-27 15:33:46,606 INFO o.a.j.e.u.CompoundVariable: Note: Function class names must contain the string: '.functions.'
2026-04-27 15:33:46,606 INFO o.a.j.e.u.CompoundVariable: Note: Function class names must not contain the string: '.gui.'
2026-04-27 15:33:46,640 INFO o.a.j.r.ClassFinder: Will scan jar /opt/homebrew/Cellar/jmeter/5.6.3/libexec/lib/ext/jmeter-plugins-manager-1.9.jar with filter ExtendsClassFilter [parents=[interface org.apache.jmeter.functions.Function], inner=false, contains=null, notContains=null]. Consider exposing JMeter plugins via META-INF/services, and add JMeter-Skip-Class-Scanning=true manifest attribute so JMeter can skip classfile scanning
2026-04-27 15:33:46,725 INFO o.a.j.JMeter: Running test (1777329226725)
2026-04-27 15:33:46,735 INFO o.a.j.e.StandardJMeterEngine: Starting ThreadGroup: 1 : Lab 2 Traffic
2026-04-27 15:33:46,736 INFO o.a.j.e.StandardJMeterEngine: Starting 500 threads for group Lab 2 Traffic.
2026-04-27 15:33:46,736 INFO o.a.j.e.StandardJMeterEngine: Thread will continue on error
2026-04-27 15:33:46,736 INFO o.a.j.t.ThreadGroup: Starting thread group... number=1 threads=500 ramp-up=60 delayedStart=false
2026-04-27 15:33:46,740 INFO o.a.j.s.SampleResult: Note: Sample TimeStamps are START times
2026-04-27 15:33:46,741 INFO o.a.j.s.SampleResult: sampleresult.default.encoding is set to UTF-8
2026-04-27 15:33:46,741 INFO o.a.j.s.SampleResult: sampleresult.useNanoTime=true
2026-04-27 15:33:46,741 INFO o.a.j.s.SampleResult: sampleresult.nanoThreadSleep=5000
2026-04-27 15:33:46,742 INFO o.a.j.t.JMeterThread: Thread started: Lab 2 Traffic 1-1
2026-04-27 15:33:46,750 INFO o.a.j.p.h.s.HTTPHCAbstractImpl: Local host = Mac
2026-04-27 15:33:46,754 INFO o.a.j.p.h.s.HTTPHC4Impl: HTTP request retry count = 0
2026-04-27 15:33:46,846 INFO o.a.j.t.ThreadGroup: Started thread group number 1
2026-04-27 15:33:46,846 INFO o.a.j.e.StandardJMeterEngine: All thread groups have been started
2026-04-27 15:33:46,861 INFO o.a.j.t.JMeterThread: Thread started: Lab 2 Traffic 1-2
2026-04-27 15:33:46,985 INFO o.a.j.t.JMeterThread: Thread started: Lab 2 Traffic 1-3
2026-04-27 15:33:47,099 INFO o.a.j.t.JMeterThread: Thread started: Lab 2 Traffic 1-4
2026-04-27 15:33:47,221 INFO o.a.j.t.JMeterThread: Thread started: Lab 2 Traffic 1-5
2026-04-27 15:33:47,341 INFO o.a.j.t.JMeterThread: Thread started: Lab 2 Traffic 1-6
2026-04-27 15:33:47,393 INFO o.a.j.t.JMeterThread: Thread is done: Lab 2 Traffic 1-1
2026-04-27 15:33:47,394 INFO o.a.j.t.JMeterThread: Thread finished: Lab 2 Traffic 1-1
2026-04-27 15:33:47,461 INFO o.a.j.t.JMeterThread: Thread started: Lab 2 Traffic 1-7
2026-04-27 15:33:47,508 INFO o.a.j.t.JMeterThread: Thread is done: Lab 2 Traffic 1-2
2026-04-27 15:33:47,508 INFO o.a.j.t.JMeterThread: Thread finished: Lab 2 Traffic 1-2
2026-04-27 15:33:47,581 INFO o.a.j.t.JMeterThread: Thread started: Lab 2 Traffic 1-8
2026-04-27 15:33:47,703 INFO o.a.j.t.JMeterThread: Thread started: Lab 2 Traffic 1-9
2026-04-27 15:33:47,820 INFO o.a.j.t.JMeterThread: Thread started: Lab 2 Traffic 1-10
2026-04-27 15:33:47,925 INFO o.a.j.t.JMeterThread: Thread is done: Lab 2 Traffic 1-3
2026-04-27 15:33:47,925 INFO o.a.j.t.JMeterThread: Thread finished: Lab 2 Traffic 1-3
2026-04-27 15:33:47,943 INFO o.a.j.t.JMeterThread: Thread started: Lab 2 Traffic 1-11
2026-04-27 15:33:48,057 INFO o.a.j.t.JMeterThread: Thread started: Lab 2 Traffic 1-12
2026-04-27 15:33:48,140 INFO o.a.j.t.JMeterThread: Thread is done: Lab 2 Traffic 1-4
2026-04-27 15:33:48,141 INFO o.a.j.t.JMeterThread: Thread finished: Lab 2 Traffic 1-4
2026-04-27 15:33:48,183 INFO o.a.j.t.JMeterThread: Thread started: Lab 2 Traffic 1-13
2026-04-27 15:33:48,227 INFO o.a.j.t.JMeterThread: Thread is done: Lab 2 Traffic 1-5
2026-04-27 15:33:48,227 INFO o.a.j.t.JMeterThread: Thread finished: Lab 2 Traffic 1-5
2026-04-27 15:33:48,302 INFO o.a.j.t.JMeterThread: Thread started: Lab 2 Traffic 1-14
2026-04-27 15:33:48,422 INFO o.a.j.t.JMeterThread: Thread started: Lab 2 Traffic 1-15
2026-04-27 15:33:48,439 INFO o.a.j.t.JMeterThread: Thread is done: Lab 2 Traffic 1-6
2026-04-27 15:33:48,439 INFO o.a.j.t.JMeterThread: Thread finished: Lab 2 Traffic 1-6
2026-04-27 15:33:48,539 INFO o.a.j.t.JMeterThread: Thread started: Lab 2 Traffic 1-16
2026-04-27 15:33:48,660 INFO o.a.j.t.JMeterThread: Thread started: Lab 2 Traffic 1-17
2026-04-27 15:33:48,780 INFO o.a.j.t.JMeterThread: Thread started: Lab 2 Traffic 1-18
2026-04-27 15:33:48,835 INFO o.a.j.t.JMeterThread: Thread is done: Lab 2 Traffic 1-7
2026-04-27 15:33:48,835 INFO o.a.j.t.JMeterThread: Thread finished: Lab 2 Traffic 1-7
2026-04-27 15:33:48,887 INFO o.a.j.t.JMeterThread: Thread is done: Lab 2 Traffic 1-8
2026-04-27 15:33:48,888 INFO o.a.j.t.JMeterThread: Thread finished: Lab 2 Traffic 1-8
2026-04-27 15:33:48,896 INFO o.a.j.t.JMeterThread: Thread started: Lab 2 Traffic 1-19
2026-04-27 15:33:49,019 INFO o.a.j.t.JMeterThread: Thread started: Lab 2 Traffic 1-20
2026-04-27 15:33:49,140 INFO o.a.j.t.JMeterThread: Thread started: Lab 2 Traffic 1-21
2026-04-27 15:33:49,256 INFO o.a.j.t.JMeterThread: Thread started: Lab 2 Traffic 1-22
2026-04-27 15:33:49,376 INFO o.a.j.t.JMeterThread: Thread started: Lab 2 Traffic 1-23
2026-04-27 15:33:49,425 INFO o.a.j.t.JMeterThread: Thread is done: Lab 2 Traffic 1-9
2026-04-27 15:33:49,425 INFO o.a.j.t.JMeterThread: Thread finished: Lab 2 Traffic 1-9
2026-04-27 15:33:49,501 INFO o.a.j.t.JMeterThread: Thread started: Lab 2 Traffic 1-24
2026-04-27 15:33:49,620 INFO o.a.j.t.JMeterThread: Thread started: Lab 2 Traffic 1-25
2026-04-27 15:33:49,740 INFO o.a.j.t.JMeterThread: Thread started: Lab 2 Traffic 1-26
2026-04-27 15:33:49,757 INFO o.a.j.t.JMeterThread: Thread is done: Lab 2 Traffic 1-10
2026-04-27 15:33:49,758 INFO o.a.j.t.JMeterThread: Thread finished: Lab 2 Traffic 1-10
2026-04-27 15:33:49,769 INFO o.a.j.t.JMeterThread: Thread is done: Lab 2 Traffic 1-11
2026-04-27 15:33:49,769 INFO o.a.j.t.JMeterThread: Thread finished: Lab 2 Traffic 1-11
2026-04-27 15:33:49,834 INFO o.a.j.t.JMeterThread: Thread is done: Lab 2 Traffic 1-12
2026-04-27 15:33:49,834 INFO o.a.j.t.JMeterThread: Thread finished: Lab 2 Traffic 1-12
2026-04-27 15:33:49,860 INFO o.a.j.t.JMeterThread: Thread started: Lab 2 Traffic 1-27
2026-04-27 15:33:49,981 INFO o.a.j.t.JMeterThread: Thread started: Lab 2 Traffic 1-28
2026-04-27 15:33:50,099 INFO o.a.j.t.JMeterThread: Thread started: Lab 2 Traffic 1-29
2026-04-27 15:33:50,221 INFO o.a.j.t.JMeterThread: Thread started: Lab 2 Traffic 1-30
2026-04-27 15:33:50,335 INFO o.a.j.t.JMeterThread: Thread is done: Lab 2 Traffic 1-14
2026-04-27 15:33:50,335 INFO o.a.j.t.JMeterThread: Thread finished: Lab 2 Traffic 1-14
2026-04-27 15:33:50,337 INFO o.a.j.t.JMeterThread: Thread started: Lab 2 Traffic 1-31
2026-04-27 15:33:50,459 INFO o.a.j.t.JMeterThread: Thread started: Lab 2 Traffic 1-32
2026-04-27 15:33:50,571 INFO o.a.j.t.JMeterThread: Thread is done: Lab 2 Traffic 1-15
2026-04-27 15:33:50,571 INFO o.a.j.t.JMeterThread: Thread finished: Lab 2 Traffic 1-15
2026-04-27 15:33:50,579 INFO o.a.j.t.JMeterThread: Thread is done: Lab 2 Traffic 1-20
2026-04-27 15:33:50,579 INFO o.a.j.t.JMeterThread: Thread finished: Lab 2 Traffic 1-20
2026-04-27 15:33:50,580 INFO o.a.j.t.JMeterThread: Thread started: Lab 2 Traffic 1-33
2026-04-27 15:33:50,630 INFO o.a.j.t.JMeterThread: Thread is done: Lab 2 Traffic 1-13
2026-04-27 15:33:50,630 INFO o.a.j.t.JMeterThread: Thread finished: Lab 2 Traffic 1-13
2026-04-27 15:33:50,701 INFO o.a.j.t.JMeterThread: Thread started: Lab 2 Traffic 1-34
2026-04-27 15:33:50,821 INFO o.a.j.t.JMeterThread: Thread started: Lab 2 Traffic 1-35
2026-04-27 15:33:50,938 INFO o.a.j.t.JMeterThread: Thread started: Lab 2 Traffic 1-36
2026-04-27 15:33:51,061 INFO o.a.j.t.JMeterThread: Thread started: Lab 2 Traffic 1-37
2026-04-27 15:33:51,181 INFO o.a.j.t.JMeterThread: Thread started: Lab 2 Traffic 1-38
2026-04-27 15:33:51,291 INFO o.a.j.t.JMeterThread: Thread is done: Lab 2 Traffic 1-16
2026-04-27 15:33:51,291 INFO o.a.j.t.JMeterThread: Thread finished: Lab 2 Traffic 1-16
2026-04-27 15:33:51,297 INFO o.a.j.t.JMeterThread: Thread started: Lab 2 Traffic 1-39
2026-04-27 15:33:51,420 INFO o.a.j.t.JMeterThread: Thread started: Lab 2 Traffic 1-40
2026-04-27 15:33:51,540 INFO o.a.j.t.JMeterThread: Thread started: Lab 2 Traffic 1-41
2026-04-27 15:33:51,587 INFO o.a.j.t.JMeterThread: Thread is done: Lab 2 Traffic 1-17
2026-04-27 15:33:51,587 INFO o.a.j.t.JMeterThread: Thread finished: Lab 2 Traffic 1-17
2026-04-27 15:33:51,642 INFO o.a.j.t.JMeterThread: Thread is done: Lab 2 Traffic 1-18
2026-04-27 15:33:51,642 INFO o.a.j.t.JMeterThread: Thread finished: Lab 2 Traffic 1-18
2026-04-27 15:33:51,662 INFO o.a.j.t.JMeterThread: Thread started: Lab 2 Traffic 1-42
2026-04-27 15:33:51,777 INFO o.a.j.t.JMeterThread: Thread started: Lab 2 Traffic 1-43
2026-04-27 15:33:51,899 INFO o.a.j.t.JMeterThread: Thread started: Lab 2 Traffic 1-44
2026-04-27 15:33:52,022 INFO o.a.j.t.JMeterThread: Thread started: Lab 2 Traffic 1-45
2026-04-27 15:33:52,138 INFO o.a.j.t.JMeterThread: Thread started: Lab 2 Traffic 1-46
2026-04-27 15:33:52,138 INFO o.a.j.t.JMeterThread: Thread is done: Lab 2 Traffic 1-19
2026-04-27 15:33:52,138 INFO o.a.j.t.JMeterThread: Thread finished: Lab 2 Traffic 1-19
2026-04-27 15:33:52,260 INFO o.a.j.t.JMeterThread: Thread started: Lab 2 Traffic 1-47
2026-04-27 15:33:52,382 INFO o.a.j.t.JMeterThread: Thread started: Lab 2 Traffic 1-48
2026-04-27 15:33:52,502 INFO o.a.j.t.JMeterThread: Thread started: Lab 2 Traffic 1-49
2026-04-27 15:33:52,619 INFO o.a.j.t.JMeterThread: Thread started: Lab 2 Traffic 1-50
2026-04-27 15:33:52,658 INFO o.a.j.t.JMeterThread: Thread is done: Lab 2 Traffic 1-21
2026-04-27 15:33:52,658 INFO o.a.j.t.JMeterThread: Thread finished: Lab 2 Traffic 1-21
2026-04-27 15:33:52,741 INFO o.a.j.t.JMeterThread: Thread started: Lab 2 Traffic 1-51
2026-04-27 15:33:52,842 INFO o.a.j.t.JMeterThread: Thread is done: Lab 2 Traffic 1-22
2026-04-27 15:33:52,842 INFO o.a.j.t.JMeterThread: Thread finished: Lab 2 Traffic 1-22
2026-04-27 15:33:52,857 INFO o.a.j.t.JMeterThread: Thread started: Lab 2 Traffic 1-52
2026-04-27 15:33:52,980 INFO o.a.j.t.JMeterThread: Thread started: Lab 2 Traffic 1-53
2026-04-27 15:33:52,996 INFO o.a.j.t.JMeterThread: Thread is done: Lab 2 Traffic 1-23
2026-04-27 15:33:52,997 INFO o.a.j.t.JMeterThread: Thread finished: Lab 2 Traffic 1-23
2026-04-27 15:33:53,098 INFO o.a.j.t.JMeterThread: Thread started: Lab 2 Traffic 1-54
2026-04-27 15:33:53,217 INFO o.a.j.t.JMeterThread: Thread started: Lab 2 Traffic 1-55
2026-04-27 15:33:53,266 INFO o.a.j.t.JMeterThread: Thread is done: Lab 2 Traffic 1-33
2026-04-27 15:33:53,266 INFO o.a.j.t.JMeterThread: Thread finished: Lab 2 Traffic 1-33
2026-04-27 15:33:53,283 INFO o.a.j.t.JMeterThread: Thread is done: Lab 2 Traffic 1-24
2026-04-27 15:33:53,283 INFO o.a.j.t.JMeterThread: Thread finished: Lab 2 Traffic 1-24
2026-04-27 15:33:53,339 INFO o.a.j.t.JMeterThread: Thread started: Lab 2 Traffic 1-56
2026-04-27 15:33:53,459 INFO o.a.j.t.JMeterThread: Thread started: Lab 2 Traffic 1-57
2026-04-27 15:33:53,581 INFO o.a.j.t.JMeterThread: Thread started: Lab 2 Traffic 1-58
2026-04-27 15:33:53,699 INFO o.a.j.t.JMeterThread: Thread started: Lab 2 Traffic 1-59
2026-04-27 15:33:53,724 INFO o.a.j.t.JMeterThread: Thread is done: Lab 2 Traffic 1-25
2026-04-27 15:33:53,724 INFO o.a.j.t.JMeterThread: Thread finished: Lab 2 Traffic 1-25
2026-04-27 15:33:53,822 INFO o.a.j.t.JMeterThread: Thread started: Lab 2 Traffic 1-60
2026-04-27 15:33:53,942 INFO o.a.j.t.JMeterThread: Thread started: Lab 2 Traffic 1-61
2026-04-27 15:33:53,990 INFO o.a.j.t.JMeterThread: Thread is done: Lab 2 Traffic 1-26
2026-04-27 15:33:53,991 INFO o.a.j.t.JMeterThread: Thread finished: Lab 2 Traffic 1-26
2026-04-27 15:33:54,046 INFO o.a.j.t.JMeterThread: Thread is done: Lab 2 Traffic 1-27
2026-04-27 15:33:54,046 INFO o.a.j.t.JMeterThread: Thread finished: Lab 2 Traffic 1-27
2026-04-27 15:33:54,062 INFO o.a.j.t.JMeterThread: Thread started: Lab 2 Traffic 1-62
2026-04-27 15:33:54,177 INFO o.a.j.t.JMeterThread: Thread started: Lab 2 Traffic 1-63
2026-04-27 15:33:54,298 INFO o.a.j.t.JMeterThread: Thread started: Lab 2 Traffic 1-64
2026-04-27 15:33:54,384 INFO o.a.j.t.JMeterThread: Thread is done: Lab 2 Traffic 1-31
2026-04-27 15:33:54,384 INFO o.a.j.t.JMeterThread: Thread finished: Lab 2 Traffic 1-31
2026-04-27 15:33:54,405 INFO o.a.j.t.JMeterThread: Thread is done: Lab 2 Traffic 1-28
2026-04-27 15:33:54,405 INFO o.a.j.t.JMeterThread: Thread finished: Lab 2 Traffic 1-28
2026-04-27 15:33:54,420 INFO o.a.j.t.JMeterThread: Thread started: Lab 2 Traffic 1-65
2026-04-27 15:33:54,424 INFO o.a.j.t.JMeterThread: Thread is done: Lab 2 Traffic 1-30
2026-04-27 15:33:54,425 INFO o.a.j.t.JMeterThread: Thread finished: Lab 2 Traffic 1-30
2026-04-27 15:33:54,538 INFO o.a.j.t.JMeterThread: Thread started: Lab 2 Traffic 1-66
2026-04-27 15:33:54,660 INFO o.a.j.t.JMeterThread: Thread started: Lab 2 Traffic 1-67
2026-04-27 15:33:54,777 INFO o.a.j.t.JMeterThread: Thread started: Lab 2 Traffic 1-68
2026-04-27 15:33:54,828 INFO o.a.j.t.JMeterThread: Thread is done: Lab 2 Traffic 1-29
2026-04-27 15:33:54,829 INFO o.a.j.t.JMeterThread: Thread finished: Lab 2 Traffic 1-29
2026-04-27 15:33:54,902 INFO o.a.j.t.JMeterThread: Thread started: Lab 2 Traffic 1-69
2026-04-27 15:33:55,016 INFO o.a.j.t.JMeterThread: Thread started: Lab 2 Traffic 1-70
2026-04-27 15:33:55,060 INFO o.a.j.t.JMeterThread: Thread is done: Lab 2 Traffic 1-32
2026-04-27 15:33:55,060 INFO o.a.j.t.JMeterThread: Thread finished: Lab 2 Traffic 1-32
2026-04-27 15:33:55,140 INFO o.a.j.t.JMeterThread: Thread started: Lab 2 Traffic 1-71
2026-04-27 15:33:55,261 INFO o.a.j.t.JMeterThread: Thread started: Lab 2 Traffic 1-72
2026-04-27 15:33:55,383 INFO o.a.j.t.JMeterThread: Thread started: Lab 2 Traffic 1-73
2026-04-27 15:33:55,502 INFO o.a.j.t.JMeterThread: Thread started: Lab 2 Traffic 1-74
2026-04-27 15:33:55,620 INFO o.a.j.t.JMeterThread: Thread started: Lab 2 Traffic 1-75
2026-04-27 15:33:55,622 INFO o.a.j.t.JMeterThread: Thread is done: Lab 2 Traffic 1-34
2026-04-27 15:33:55,622 INFO o.a.j.t.JMeterThread: Thread finished: Lab 2 Traffic 1-34
2026-04-27 15:33:55,630 INFO o.a.j.t.JMeterThread: Thread is done: Lab 2 Traffic 1-35
2026-04-27 15:33:55,630 INFO o.a.j.t.JMeterThread: Thread finished: Lab 2 Traffic 1-35
2026-04-27 15:33:55,737 INFO o.a.j.t.JMeterThread: Thread started: Lab 2 Traffic 1-76
2026-04-27 15:33:55,859 INFO o.a.j.t.JMeterThread: Thread started: Lab 2 Traffic 1-77
2026-04-27 15:33:55,979 INFO o.a.j.t.JMeterThread: Thread started: Lab 2 Traffic 1-78
2026-04-27 15:33:56,099 INFO o.a.j.t.JMeterThread: Thread started: Lab 2 Traffic 1-79
2026-04-27 15:33:56,221 INFO o.a.j.t.JMeterThread: Thread started: Lab 2 Traffic 1-80
2026-04-27 15:33:56,238 INFO o.a.j.t.JMeterThread: Thread is done: Lab 2 Traffic 1-39
2026-04-27 15:33:56,238 INFO o.a.j.t.JMeterThread: Thread finished: Lab 2 Traffic 1-39
2026-04-27 15:33:56,338 INFO o.a.j.t.JMeterThread: Thread started: Lab 2 Traffic 1-81
2026-04-27 15:33:56,420 INFO o.a.j.t.JMeterThread: Thread is done: Lab 2 Traffic 1-41
2026-04-27 15:33:56,420 INFO o.a.j.t.JMeterThread: Thread finished: Lab 2 Traffic 1-41
2026-04-27 15:33:56,460 INFO o.a.j.t.JMeterThread: Thread started: Lab 2 Traffic 1-82
2026-04-27 15:33:56,480 INFO o.a.j.t.JMeterThread: Thread is done: Lab 2 Traffic 1-36
2026-04-27 15:33:56,480 INFO o.a.j.t.JMeterThread: Thread finished: Lab 2 Traffic 1-36
2026-04-27 15:33:56,509 INFO o.a.j.t.JMeterThread: Thread is done: Lab 2 Traffic 1-38
2026-04-27 15:33:56,509 INFO o.a.j.t.JMeterThread: Thread finished: Lab 2 Traffic 1-38
2026-04-27 15:33:56,513 INFO o.a.j.t.JMeterThread: Thread is done: Lab 2 Traffic 1-37
2026-04-27 15:33:56,513 INFO o.a.j.t.JMeterThread: Thread finished: Lab 2 Traffic 1-37
2026-04-27 15:33:56,607 INFO o.a.j.t.JMeterThread: Thread started: Lab 2 Traffic 1-83
2026-04-27 15:33:56,701 INFO o.a.j.t.JMeterThread: Thread started: Lab 2 Traffic 1-84
2026-04-27 15:33:56,821 INFO o.a.j.t.JMeterThread: Thread started: Lab 2 Traffic 1-85
2026-04-27 15:33:56,941 INFO o.a.j.t.JMeterThread: Thread started: Lab 2 Traffic 1-86
2026-04-27 15:33:57,060 INFO o.a.j.t.JMeterThread: Thread started: Lab 2 Traffic 1-87
2026-04-27 15:33:57,123 INFO o.a.j.t.JMeterThread: Thread is done: Lab 2 Traffic 1-40
2026-04-27 15:33:57,123 INFO o.a.j.t.JMeterThread: Thread finished: Lab 2 Traffic 1-40
2026-04-27 15:33:57,155 INFO o.a.j.t.JMeterThread: Thread is done: Lab 2 Traffic 1-45
2026-04-27 15:33:57,155 INFO o.a.j.t.JMeterThread: Thread finished: Lab 2 Traffic 1-45
2026-04-27 15:33:57,178 INFO o.a.j.t.JMeterThread: Thread started: Lab 2 Traffic 1-88
2026-04-27 15:33:57,301 INFO o.a.j.t.JMeterThread: Thread started: Lab 2 Traffic 1-89
2026-04-27 15:33:57,420 INFO o.a.j.t.JMeterThread: Thread started: Lab 2 Traffic 1-90
2026-04-27 15:33:57,537 INFO o.a.j.t.JMeterThread: Thread started: Lab 2 Traffic 1-91
2026-04-27 15:33:57,662 INFO o.a.j.t.JMeterThread: Thread started: Lab 2 Traffic 1-92
2026-04-27 15:33:57,779 INFO o.a.j.t.JMeterThread: Thread started: Lab 2 Traffic 1-93
2026-04-27 15:33:57,901 INFO o.a.j.t.JMeterThread: Thread started: Lab 2 Traffic 1-94
2026-04-27 15:33:58,020 INFO o.a.j.t.JMeterThread: Thread started: Lab 2 Traffic 1-95
2026-04-27 15:33:58,091 INFO o.a.j.t.JMeterThread: Thread is done: Lab 2 Traffic 1-43
2026-04-27 15:33:58,091 INFO o.a.j.t.JMeterThread: Thread finished: Lab 2 Traffic 1-43
2026-04-27 15:33:58,095 INFO o.a.j.t.JMeterThread: Thread is done: Lab 2 Traffic 1-42
2026-04-27 15:33:58,095 INFO o.a.j.t.JMeterThread: Thread finished: Lab 2 Traffic 1-42
2026-04-27 15:33:58,140 INFO o.a.j.t.JMeterThread: Thread started: Lab 2 Traffic 1-96
2026-04-27 15:33:58,173 INFO o.a.j.t.JMeterThread: Thread is done: Lab 2 Traffic 1-44
2026-04-27 15:33:58,173 INFO o.a.j.t.JMeterThread: Thread finished: Lab 2 Traffic 1-44
2026-04-27 15:33:58,196 INFO o.a.j.t.JMeterThread: Thread is done: Lab 2 Traffic 1-46
2026-04-27 15:33:58,196 INFO o.a.j.t.JMeterThread: Thread finished: Lab 2 Traffic 1-46
2026-04-27 15:33:58,260 INFO o.a.j.t.JMeterThread: Thread started: Lab 2 Traffic 1-97
2026-04-27 15:33:58,378 INFO o.a.j.t.JMeterThread: Thread started: Lab 2 Traffic 1-98
2026-04-27 15:33:58,496 INFO o.a.j.t.JMeterThread: Thread started: Lab 2 Traffic 1-99
2026-04-27 15:33:58,622 INFO o.a.j.t.JMeterThread: Thread started: Lab 2 Traffic 1-100
2026-04-27 15:33:58,742 INFO o.a.j.t.JMeterThread: Thread started: Lab 2 Traffic 1-101
2026-04-27 15:33:58,861 INFO o.a.j.t.JMeterThread: Thread started: Lab 2 Traffic 1-102
2026-04-27 15:33:58,969 INFO o.a.j.t.JMeterThread: Thread is done: Lab 2 Traffic 1-50
2026-04-27 15:33:58,969 INFO o.a.j.t.JMeterThread: Thread finished: Lab 2 Traffic 1-50
2026-04-27 15:33:58,981 INFO o.a.j.t.JMeterThread: Thread started: Lab 2 Traffic 1-103
2026-04-27 15:33:59,101 INFO o.a.j.t.JMeterThread: Thread started: Lab 2 Traffic 1-104
2026-04-27 15:33:59,218 INFO o.a.j.t.JMeterThread: Thread started: Lab 2 Traffic 1-105
2026-04-27 15:33:59,341 INFO o.a.j.t.JMeterThread: Thread started: Lab 2 Traffic 1-106
2026-04-27 15:33:59,459 INFO o.a.j.t.JMeterThread: Thread started: Lab 2 Traffic 1-107
2026-04-27 15:33:59,577 INFO o.a.j.t.JMeterThread: Thread started: Lab 2 Traffic 1-108
2026-04-27 15:33:59,675 INFO o.a.j.t.JMeterThread: Thread is done: Lab 2 Traffic 1-47
2026-04-27 15:33:59,676 INFO o.a.j.t.JMeterThread: Thread finished: Lab 2 Traffic 1-47
2026-04-27 15:33:59,693 INFO o.a.j.t.JMeterThread: Thread is done: Lab 2 Traffic 1-52
2026-04-27 15:33:59,694 INFO o.a.j.t.JMeterThread: Thread finished: Lab 2 Traffic 1-52
2026-04-27 15:33:59,700 INFO o.a.j.t.JMeterThread: Thread started: Lab 2 Traffic 1-109
2026-04-27 15:33:59,742 INFO o.a.j.t.JMeterThread: Thread is done: Lab 2 Traffic 1-49
2026-04-27 15:33:59,742 INFO o.a.j.t.JMeterThread: Thread finished: Lab 2 Traffic 1-49
2026-04-27 15:33:59,764 INFO o.a.j.t.JMeterThread: Thread is done: Lab 2 Traffic 1-48
2026-04-27 15:33:59,764 INFO o.a.j.t.JMeterThread: Thread finished: Lab 2 Traffic 1-48
2026-04-27 15:33:59,821 INFO o.a.j.t.JMeterThread: Thread started: Lab 2 Traffic 1-110
2026-04-27 15:33:59,847 INFO o.a.j.t.JMeterThread: Thread is done: Lab 2 Traffic 1-53
2026-04-27 15:33:59,847 INFO o.a.j.t.JMeterThread: Thread finished: Lab 2 Traffic 1-53
2026-04-27 15:33:59,874 INFO o.a.j.t.JMeterThread: Thread is done: Lab 2 Traffic 1-51
2026-04-27 15:33:59,874 INFO o.a.j.t.JMeterThread: Thread finished: Lab 2 Traffic 1-51
2026-04-27 15:33:59,922 INFO o.a.j.t.JMeterThread: Thread is done: Lab 2 Traffic 1-55
2026-04-27 15:33:59,922 INFO o.a.j.t.JMeterThread: Thread finished: Lab 2 Traffic 1-55
2026-04-27 15:33:59,939 INFO o.a.j.t.JMeterThread: Thread started: Lab 2 Traffic 1-111
2026-04-27 15:34:00,060 INFO o.a.j.t.JMeterThread: Thread started: Lab 2 Traffic 1-112
2026-04-27 15:34:00,178 INFO o.a.j.t.JMeterThread: Thread started: Lab 2 Traffic 1-113
2026-04-27 15:34:00,300 INFO o.a.j.t.JMeterThread: Thread started: Lab 2 Traffic 1-114
2026-04-27 15:34:00,422 INFO o.a.j.t.JMeterThread: Thread started: Lab 2 Traffic 1-115
2026-04-27 15:34:00,542 INFO o.a.j.t.JMeterThread: Thread started: Lab 2 Traffic 1-116
2026-04-27 15:34:00,657 INFO o.a.j.t.JMeterThread: Thread started: Lab 2 Traffic 1-117
2026-04-27 15:34:00,772 INFO o.a.j.t.JMeterThread: Thread is done: Lab 2 Traffic 1-54
2026-04-27 15:34:00,772 INFO o.a.j.t.JMeterThread: Thread finished: Lab 2 Traffic 1-54
2026-04-27 15:34:00,776 INFO o.a.j.t.JMeterThread: Thread started: Lab 2 Traffic 1-118
2026-04-27 15:34:00,807 INFO o.a.j.t.JMeterThread: Thread is done: Lab 2 Traffic 1-56
2026-04-27 15:34:00,807 INFO o.a.j.t.JMeterThread: Thread finished: Lab 2 Traffic 1-56
2026-04-27 15:34:00,901 INFO o.a.j.t.JMeterThread: Thread started: Lab 2 Traffic 1-119
2026-04-27 15:34:01,022 INFO o.a.j.t.JMeterThread: Thread started: Lab 2 Traffic 1-120
2026-04-27 15:34:01,140 INFO o.a.j.t.JMeterThread: Thread started: Lab 2 Traffic 1-121
2026-04-27 15:34:01,261 INFO o.a.j.t.JMeterThread: Thread started: Lab 2 Traffic 1-122
2026-04-27 15:34:01,299 INFO o.a.j.t.JMeterThread: Thread is done: Lab 2 Traffic 1-58
2026-04-27 15:34:01,299 INFO o.a.j.t.JMeterThread: Thread finished: Lab 2 Traffic 1-58
2026-04-27 15:34:01,345 INFO o.a.j.t.JMeterThread: Thread is done: Lab 2 Traffic 1-65
2026-04-27 15:34:01,345 INFO o.a.j.t.JMeterThread: Thread finished: Lab 2 Traffic 1-65
2026-04-27 15:34:01,360 INFO o.a.j.t.JMeterThread: Thread is done: Lab 2 Traffic 1-57
2026-04-27 15:34:01,360 INFO o.a.j.t.JMeterThread: Thread finished: Lab 2 Traffic 1-57
2026-04-27 15:34:01,377 INFO o.a.j.t.JMeterThread: Thread started: Lab 2 Traffic 1-123
2026-04-27 15:34:01,498 INFO o.a.j.t.JMeterThread: Thread started: Lab 2 Traffic 1-124
2026-04-27 15:34:01,536 INFO o.a.j.t.JMeterThread: Thread is done: Lab 2 Traffic 1-79
2026-04-27 15:34:01,536 INFO o.a.j.t.JMeterThread: Thread finished: Lab 2 Traffic 1-79
2026-04-27 15:34:01,580 INFO o.a.j.t.JMeterThread: Thread is done: Lab 2 Traffic 1-59
2026-04-27 15:34:01,580 INFO o.a.j.t.JMeterThread: Thread finished: Lab 2 Traffic 1-59
2026-04-27 15:34:01,613 INFO o.a.j.t.JMeterThread: Thread is done: Lab 2 Traffic 1-60
2026-04-27 15:34:01,613 INFO o.a.j.t.JMeterThread: Thread finished: Lab 2 Traffic 1-60
2026-04-27 15:34:01,618 INFO o.a.j.t.JMeterThread: Thread started: Lab 2 Traffic 1-125
2026-04-27 15:34:01,741 INFO o.a.j.t.JMeterThread: Thread started: Lab 2 Traffic 1-126
2026-04-27 15:34:01,761 INFO o.a.j.t.JMeterThread: Thread is done: Lab 2 Traffic 1-62
2026-04-27 15:34:01,761 INFO o.a.j.t.JMeterThread: Thread finished: Lab 2 Traffic 1-62
2026-04-27 15:34:01,861 INFO o.a.j.t.JMeterThread: Thread started: Lab 2 Traffic 1-127
2026-04-27 15:34:01,934 INFO o.a.j.t.JMeterThread: Thread is done: Lab 2 Traffic 1-61
2026-04-27 15:34:01,934 INFO o.a.j.t.JMeterThread: Thread finished: Lab 2 Traffic 1-61
2026-04-27 15:34:01,978 INFO o.a.j.t.JMeterThread: Thread started: Lab 2 Traffic 1-128
2026-04-27 15:34:02,039 INFO o.a.j.t.JMeterThread: Thread is done: Lab 2 Traffic 1-71
2026-04-27 15:34:02,039 INFO o.a.j.t.JMeterThread: Thread finished: Lab 2 Traffic 1-71
2026-04-27 15:34:02,074 INFO o.a.j.t.JMeterThread: Thread is done: Lab 2 Traffic 1-66
2026-04-27 15:34:02,075 INFO o.a.j.t.JMeterThread: Thread finished: Lab 2 Traffic 1-66
2026-04-27 15:34:02,093 INFO o.a.j.t.JMeterThread: Thread is done: Lab 2 Traffic 1-63
2026-04-27 15:34:02,093 INFO o.a.j.t.JMeterThread: Thread finished: Lab 2 Traffic 1-63
2026-04-27 15:34:02,101 INFO o.a.j.t.JMeterThread: Thread started: Lab 2 Traffic 1-129
2026-04-27 15:34:02,222 INFO o.a.j.t.JMeterThread: Thread started: Lab 2 Traffic 1-130
2026-04-27 15:34:02,338 INFO o.a.j.t.JMeterThread: Thread started: Lab 2 Traffic 1-131
2026-04-27 15:34:02,457 INFO o.a.j.t.JMeterThread: Thread started: Lab 2 Traffic 1-132
2026-04-27 15:34:02,576 INFO o.a.j.t.JMeterThread: Thread started: Lab 2 Traffic 1-133
2026-04-27 15:34:02,701 INFO o.a.j.t.JMeterThread: Thread started: Lab 2 Traffic 1-134
2026-04-27 15:34:02,817 INFO o.a.j.t.JMeterThread: Thread started: Lab 2 Traffic 1-135
2026-04-27 15:34:02,940 INFO o.a.j.t.JMeterThread: Thread started: Lab 2 Traffic 1-136
2026-04-27 15:34:02,955 INFO o.a.j.t.JMeterThread: Thread is done: Lab 2 Traffic 1-69
2026-04-27 15:34:02,955 INFO o.a.j.t.JMeterThread: Thread finished: Lab 2 Traffic 1-69
2026-04-27 15:34:03,061 INFO o.a.j.t.JMeterThread: Thread started: Lab 2 Traffic 1-137
2026-04-27 15:34:03,118 INFO o.a.j.t.JMeterThread: Thread is done: Lab 2 Traffic 1-68
2026-04-27 15:34:03,118 INFO o.a.j.t.JMeterThread: Thread finished: Lab 2 Traffic 1-68
2026-04-27 15:34:03,182 INFO o.a.j.t.JMeterThread: Thread started: Lab 2 Traffic 1-138
2026-04-27 15:34:03,300 INFO o.a.j.t.JMeterThread: Thread started: Lab 2 Traffic 1-139
2026-04-27 15:34:03,418 INFO o.a.j.t.JMeterThread: Thread started: Lab 2 Traffic 1-140
2026-04-27 15:34:03,541 INFO o.a.j.t.JMeterThread: Thread started: Lab 2 Traffic 1-141
2026-04-27 15:34:03,553 INFO o.a.j.t.JMeterThread: Thread is done: Lab 2 Traffic 1-64
2026-04-27 15:34:03,553 INFO o.a.j.t.JMeterThread: Thread finished: Lab 2 Traffic 1-64
2026-04-27 15:34:03,660 INFO o.a.j.t.JMeterThread: Thread started: Lab 2 Traffic 1-142
2026-04-27 15:34:03,777 INFO o.a.j.t.JMeterThread: Thread started: Lab 2 Traffic 1-143
2026-04-27 15:34:03,831 INFO o.a.j.t.JMeterThread: Thread is done: Lab 2 Traffic 1-70
2026-04-27 15:34:03,831 INFO o.a.j.t.JMeterThread: Thread is done: Lab 2 Traffic 1-75
2026-04-27 15:34:03,831 INFO o.a.j.t.JMeterThread: Thread finished: Lab 2 Traffic 1-70
2026-04-27 15:34:03,831 INFO o.a.j.t.JMeterThread: Thread finished: Lab 2 Traffic 1-75
2026-04-27 15:34:03,885 INFO o.a.j.t.JMeterThread: Thread is done: Lab 2 Traffic 1-67
2026-04-27 15:34:03,886 INFO o.a.j.t.JMeterThread: Thread finished: Lab 2 Traffic 1-67
2026-04-27 15:34:03,899 INFO o.a.j.t.JMeterThread: Thread started: Lab 2 Traffic 1-144
2026-04-27 15:34:04,017 INFO o.a.j.t.JMeterThread: Thread started: Lab 2 Traffic 1-145
2026-04-27 15:34:04,046 INFO o.a.j.t.JMeterThread: Thread is done: Lab 2 Traffic 1-72
2026-04-27 15:34:04,046 INFO o.a.j.t.JMeterThread: Thread finished: Lab 2 Traffic 1-72
2026-04-27 15:34:04,056 INFO o.a.j.t.JMeterThread: Thread is done: Lab 2 Traffic 1-73
2026-04-27 15:34:04,056 INFO o.a.j.t.JMeterThread: Thread finished: Lab 2 Traffic 1-73
2026-04-27 15:34:04,139 INFO o.a.j.t.JMeterThread: Thread started: Lab 2 Traffic 1-146
2026-04-27 15:34:04,230 INFO o.a.j.t.JMeterThread: Thread is done: Lab 2 Traffic 1-74
2026-04-27 15:34:04,231 INFO o.a.j.t.JMeterThread: Thread finished: Lab 2 Traffic 1-74
2026-04-27 15:34:04,261 INFO o.a.j.t.JMeterThread: Thread started: Lab 2 Traffic 1-147
2026-04-27 15:34:04,377 INFO o.a.j.t.JMeterThread: Thread started: Lab 2 Traffic 1-148
2026-04-27 15:34:04,499 INFO o.a.j.t.JMeterThread: Thread started: Lab 2 Traffic 1-149
2026-04-27 15:34:04,568 INFO o.a.j.t.JMeterThread: Thread is done: Lab 2 Traffic 1-76
2026-04-27 15:34:04,569 INFO o.a.j.t.JMeterThread: Thread finished: Lab 2 Traffic 1-76
2026-04-27 15:34:04,619 INFO o.a.j.t.JMeterThread: Thread started: Lab 2 Traffic 1-150
2026-04-27 15:34:04,743 INFO o.a.j.t.JMeterThread: Thread started: Lab 2 Traffic 1-151
2026-04-27 15:34:04,860 INFO o.a.j.t.JMeterThread: Thread started: Lab 2 Traffic 1-152
2026-04-27 15:34:04,899 INFO o.a.j.t.JMeterThread: Thread is done: Lab 2 Traffic 1-78
2026-04-27 15:34:04,899 INFO o.a.j.t.JMeterThread: Thread finished: Lab 2 Traffic 1-78
2026-04-27 15:34:04,935 INFO o.a.j.t.JMeterThread: Thread is done: Lab 2 Traffic 1-81
2026-04-27 15:34:04,935 INFO o.a.j.t.JMeterThread: Thread finished: Lab 2 Traffic 1-81
2026-04-27 15:34:04,961 INFO o.a.j.t.JMeterThread: Thread is done: Lab 2 Traffic 1-77
2026-04-27 15:34:04,961 INFO o.a.j.t.JMeterThread: Thread finished: Lab 2 Traffic 1-77
2026-04-27 15:34:04,977 INFO o.a.j.t.JMeterThread: Thread started: Lab 2 Traffic 1-153
2026-04-27 15:34:05,052 INFO o.a.j.t.JMeterThread: Thread is done: Lab 2 Traffic 1-83
2026-04-27 15:34:05,052 INFO o.a.j.t.JMeterThread: Thread finished: Lab 2 Traffic 1-83
2026-04-27 15:34:05,097 INFO o.a.j.t.JMeterThread: Thread started: Lab 2 Traffic 1-154
2026-04-27 15:34:05,218 INFO o.a.j.t.JMeterThread: Thread started: Lab 2 Traffic 1-155
2026-04-27 15:34:05,341 INFO o.a.j.t.JMeterThread: Thread started: Lab 2 Traffic 1-156
2026-04-27 15:34:05,461 INFO o.a.j.t.JMeterThread: Thread started: Lab 2 Traffic 1-157
2026-04-27 15:34:05,581 INFO o.a.j.t.JMeterThread: Thread started: Lab 2 Traffic 1-158
2026-04-27 15:34:05,697 INFO o.a.j.t.JMeterThread: Thread started: Lab 2 Traffic 1-159
2026-04-27 15:34:05,820 INFO o.a.j.t.JMeterThread: Thread started: Lab 2 Traffic 1-160
2026-04-27 15:34:05,916 INFO o.a.j.t.JMeterThread: Thread is done: Lab 2 Traffic 1-82
2026-04-27 15:34:05,916 INFO o.a.j.t.JMeterThread: Thread finished: Lab 2 Traffic 1-82
2026-04-27 15:34:05,940 INFO o.a.j.t.JMeterThread: Thread started: Lab 2 Traffic 1-161
2026-04-27 15:34:06,060 INFO o.a.j.t.JMeterThread: Thread started: Lab 2 Traffic 1-162
2026-04-27 15:34:06,180 INFO o.a.j.t.JMeterThread: Thread started: Lab 2 Traffic 1-163
2026-04-27 15:34:06,225 INFO o.a.j.t.JMeterThread: Thread is done: Lab 2 Traffic 1-80
2026-04-27 15:34:06,225 INFO o.a.j.t.JMeterThread: Thread finished: Lab 2 Traffic 1-80
2026-04-27 15:34:06,298 INFO o.a.j.t.JMeterThread: Thread started: Lab 2 Traffic 1-164
2026-04-27 15:34:06,421 INFO o.a.j.t.JMeterThread: Thread started: Lab 2 Traffic 1-165
2026-04-27 15:34:06,537 INFO o.a.j.t.JMeterThread: Thread started: Lab 2 Traffic 1-166
2026-04-27 15:34:06,547 INFO o.a.j.t.JMeterThread: Thread is done: Lab 2 Traffic 1-85
2026-04-27 15:34:06,547 INFO o.a.j.t.JMeterThread: Thread finished: Lab 2 Traffic 1-85
2026-04-27 15:34:06,610 INFO o.a.j.t.JMeterThread: Thread is done: Lab 2 Traffic 1-86
2026-04-27 15:34:06,610 INFO o.a.j.t.JMeterThread: Thread finished: Lab 2 Traffic 1-86
2026-04-27 15:34:06,659 INFO o.a.j.t.JMeterThread: Thread started: Lab 2 Traffic 1-167
2026-04-27 15:34:06,781 INFO o.a.j.t.JMeterThread: Thread started: Lab 2 Traffic 1-168
2026-04-27 15:34:06,901 INFO o.a.j.t.JMeterThread: Thread started: Lab 2 Traffic 1-169
2026-04-27 15:34:07,019 INFO o.a.j.t.JMeterThread: Thread started: Lab 2 Traffic 1-170
2026-04-27 15:34:07,033 INFO o.a.j.t.JMeterThread: Thread is done: Lab 2 Traffic 1-92
2026-04-27 15:34:07,033 INFO o.a.j.t.JMeterThread: Thread finished: Lab 2 Traffic 1-92
2026-04-27 15:34:07,035 INFO o.a.j.t.JMeterThread: Thread is done: Lab 2 Traffic 1-84
2026-04-27 15:34:07,035 INFO o.a.j.t.JMeterThread: Thread finished: Lab 2 Traffic 1-84
2026-04-27 15:34:07,140 INFO o.a.j.t.JMeterThread: Thread started: Lab 2 Traffic 1-171
2026-04-27 15:34:07,260 INFO o.a.j.t.JMeterThread: Thread started: Lab 2 Traffic 1-172
2026-04-27 15:34:07,381 INFO o.a.j.t.JMeterThread: Thread started: Lab 2 Traffic 1-173
2026-04-27 15:34:07,499 INFO o.a.j.t.JMeterThread: Thread started: Lab 2 Traffic 1-174
2026-04-27 15:34:07,512 INFO o.a.j.t.JMeterThread: Thread is done: Lab 2 Traffic 1-87
2026-04-27 15:34:07,513 INFO o.a.j.t.JMeterThread: Thread finished: Lab 2 Traffic 1-87
2026-04-27 15:34:07,554 INFO o.a.j.t.JMeterThread: Thread is done: Lab 2 Traffic 1-88
2026-04-27 15:34:07,554 INFO o.a.j.t.JMeterThread: Thread finished: Lab 2 Traffic 1-88
2026-04-27 15:34:07,622 INFO o.a.j.t.JMeterThread: Thread started: Lab 2 Traffic 1-175
2026-04-27 15:34:07,740 INFO o.a.j.t.JMeterThread: Thread started: Lab 2 Traffic 1-176
2026-04-27 15:34:07,852 INFO o.a.j.t.JMeterThread: Thread is done: Lab 2 Traffic 1-90
2026-04-27 15:34:07,852 INFO o.a.j.t.JMeterThread: Thread finished: Lab 2 Traffic 1-90
2026-04-27 15:34:07,860 INFO o.a.j.t.JMeterThread: Thread started: Lab 2 Traffic 1-177
2026-04-27 15:34:07,931 INFO o.a.j.t.JMeterThread: Thread is done: Lab 2 Traffic 1-89
2026-04-27 15:34:07,931 INFO o.a.j.t.JMeterThread: Thread finished: Lab 2 Traffic 1-89
2026-04-27 15:34:07,960 INFO o.a.j.t.JMeterThread: Thread is done: Lab 2 Traffic 1-91
2026-04-27 15:34:07,960 INFO o.a.j.t.JMeterThread: Thread finished: Lab 2 Traffic 1-91
2026-04-27 15:34:07,976 INFO o.a.j.t.JMeterThread: Thread started: Lab 2 Traffic 1-178
2026-04-27 15:34:08,091 INFO o.a.j.t.JMeterThread: Thread is done: Lab 2 Traffic 1-96
2026-04-27 15:34:08,091 INFO o.a.j.t.JMeterThread: Thread finished: Lab 2 Traffic 1-96
2026-04-27 15:34:08,101 INFO o.a.j.t.JMeterThread: Thread started: Lab 2 Traffic 1-179
2026-04-27 15:34:08,151 INFO o.a.j.t.JMeterThread: Thread is done: Lab 2 Traffic 1-93
2026-04-27 15:34:08,151 INFO o.a.j.t.JMeterThread: Thread finished: Lab 2 Traffic 1-93
2026-04-27 15:34:08,162 INFO o.a.j.t.JMeterThread: Thread is done: Lab 2 Traffic 1-97
2026-04-27 15:34:08,162 INFO o.a.j.t.JMeterThread: Thread finished: Lab 2 Traffic 1-97
2026-04-27 15:34:08,221 INFO o.a.j.t.JMeterThread: Thread started: Lab 2 Traffic 1-180
2026-04-27 15:34:08,340 INFO o.a.j.t.JMeterThread: Thread started: Lab 2 Traffic 1-181
2026-04-27 15:34:08,456 INFO o.a.j.t.JMeterThread: Thread started: Lab 2 Traffic 1-182
2026-04-27 15:34:08,581 INFO o.a.j.t.JMeterThread: Thread started: Lab 2 Traffic 1-183
2026-04-27 15:34:08,608 INFO o.a.j.t.JMeterThread: Thread is done: Lab 2 Traffic 1-95
2026-04-27 15:34:08,608 INFO o.a.j.t.JMeterThread: Thread finished: Lab 2 Traffic 1-95
2026-04-27 15:34:08,700 INFO o.a.j.t.JMeterThread: Thread started: Lab 2 Traffic 1-184
2026-04-27 15:34:08,741 INFO o.a.j.t.JMeterThread: Thread is done: Lab 2 Traffic 1-105
2026-04-27 15:34:08,741 INFO o.a.j.t.JMeterThread: Thread finished: Lab 2 Traffic 1-105
2026-04-27 15:34:08,821 INFO o.a.j.t.JMeterThread: Thread started: Lab 2 Traffic 1-185
2026-04-27 15:34:08,845 INFO o.a.j.t.JMeterThread: Thread is done: Lab 2 Traffic 1-101
2026-04-27 15:34:08,845 INFO o.a.j.t.JMeterThread: Thread finished: Lab 2 Traffic 1-101
2026-04-27 15:34:08,938 INFO o.a.j.t.JMeterThread: Thread started: Lab 2 Traffic 1-186
2026-04-27 15:34:08,955 INFO o.a.j.t.JMeterThread: Thread is done: Lab 2 Traffic 1-100
2026-04-27 15:34:08,955 INFO o.a.j.t.JMeterThread: Thread finished: Lab 2 Traffic 1-100
2026-04-27 15:34:08,976 INFO o.a.j.t.JMeterThread: Thread is done: Lab 2 Traffic 1-94
2026-04-27 15:34:08,976 INFO o.a.j.t.JMeterThread: Thread finished: Lab 2 Traffic 1-94
2026-04-27 15:34:08,988 INFO o.a.j.t.JMeterThread: Thread is done: Lab 2 Traffic 1-98
2026-04-27 15:34:08,988 INFO o.a.j.t.JMeterThread: Thread finished: Lab 2 Traffic 1-98
2026-04-27 15:34:09,046 INFO o.a.j.t.JMeterThread: Thread is done: Lab 2 Traffic 1-102
2026-04-27 15:34:09,046 INFO o.a.j.t.JMeterThread: Thread finished: Lab 2 Traffic 1-102
2026-04-27 15:34:09,061 INFO o.a.j.t.JMeterThread: Thread started: Lab 2 Traffic 1-187
2026-04-27 15:34:09,181 INFO o.a.j.t.JMeterThread: Thread started: Lab 2 Traffic 1-188
2026-04-27 15:34:09,302 INFO o.a.j.t.JMeterThread: Thread started: Lab 2 Traffic 1-189
2026-04-27 15:34:09,417 INFO o.a.j.t.JMeterThread: Thread started: Lab 2 Traffic 1-190
2026-04-27 15:34:09,541 INFO o.a.j.t.JMeterThread: Thread started: Lab 2 Traffic 1-191
2026-04-27 15:34:09,661 INFO o.a.j.t.JMeterThread: Thread started: Lab 2 Traffic 1-192
2026-04-27 15:34:09,783 INFO o.a.j.t.JMeterThread: Thread started: Lab 2 Traffic 1-193
2026-04-27 15:34:09,900 INFO o.a.j.t.JMeterThread: Thread started: Lab 2 Traffic 1-194
2026-04-27 15:34:10,018 INFO o.a.j.t.JMeterThread: Thread started: Lab 2 Traffic 1-195
2026-04-27 15:34:10,137 INFO o.a.j.t.JMeterThread: Thread started: Lab 2 Traffic 1-196
2026-04-27 15:34:10,223 INFO o.a.j.t.JMeterThread: Thread is done: Lab 2 Traffic 1-99
2026-04-27 15:34:10,223 INFO o.a.j.t.JMeterThread: Thread finished: Lab 2 Traffic 1-99
2026-04-27 15:34:10,257 INFO o.a.j.t.JMeterThread: Thread started: Lab 2 Traffic 1-197
2026-04-27 15:34:10,377 INFO o.a.j.t.JMeterThread: Thread started: Lab 2 Traffic 1-198
2026-04-27 15:34:10,498 INFO o.a.j.t.JMeterThread: Thread started: Lab 2 Traffic 1-199
2026-04-27 15:34:10,620 INFO o.a.j.t.JMeterThread: Thread started: Lab 2 Traffic 1-200
2026-04-27 15:34:10,739 INFO o.a.j.t.JMeterThread: Thread started: Lab 2 Traffic 1-201
2026-04-27 15:34:10,786 INFO o.a.j.t.JMeterThread: Thread is done: Lab 2 Traffic 1-103
2026-04-27 15:34:10,786 INFO o.a.j.t.JMeterThread: Thread finished: Lab 2 Traffic 1-103
2026-04-27 15:34:10,856 INFO o.a.j.t.JMeterThread: Thread is done: Lab 2 Traffic 1-104
2026-04-27 15:34:10,856 INFO o.a.j.t.JMeterThread: Thread finished: Lab 2 Traffic 1-104
2026-04-27 15:34:10,862 INFO o.a.j.t.JMeterThread: Thread started: Lab 2 Traffic 1-202
2026-04-27 15:34:10,981 INFO o.a.j.t.JMeterThread: Thread started: Lab 2 Traffic 1-203
2026-04-27 15:34:11,094 INFO o.a.j.t.JMeterThread: Thread is done: Lab 2 Traffic 1-107
2026-04-27 15:34:11,094 INFO o.a.j.t.JMeterThread: Thread is done: Lab 2 Traffic 1-106
2026-04-27 15:34:11,094 INFO o.a.j.t.JMeterThread: Thread finished: Lab 2 Traffic 1-106
2026-04-27 15:34:11,094 INFO o.a.j.t.JMeterThread: Thread finished: Lab 2 Traffic 1-107
2026-04-27 15:34:11,101 INFO o.a.j.t.JMeterThread: Thread started: Lab 2 Traffic 1-204
2026-04-27 15:34:11,128 INFO o.a.j.t.JMeterThread: Thread is done: Lab 2 Traffic 1-112
2026-04-27 15:34:11,128 INFO o.a.j.t.JMeterThread: Thread finished: Lab 2 Traffic 1-112
2026-04-27 15:34:11,219 INFO o.a.j.t.JMeterThread: Thread started: Lab 2 Traffic 1-205
2026-04-27 15:34:11,340 INFO o.a.j.t.JMeterThread: Thread started: Lab 2 Traffic 1-206
2026-04-27 15:34:11,461 INFO o.a.j.t.JMeterThread: Thread started: Lab 2 Traffic 1-207
2026-04-27 15:34:11,577 INFO o.a.j.t.JMeterThread: Thread started: Lab 2 Traffic 1-208
2026-04-27 15:34:11,701 INFO o.a.j.t.JMeterThread: Thread started: Lab 2 Traffic 1-209
2026-04-27 15:34:11,820 INFO o.a.j.t.JMeterThread: Thread started: Lab 2 Traffic 1-210
2026-04-27 15:34:11,942 INFO o.a.j.t.JMeterThread: Thread started: Lab 2 Traffic 1-211
2026-04-27 15:34:12,058 INFO o.a.j.t.JMeterThread: Thread started: Lab 2 Traffic 1-212
2026-04-27 15:34:12,173 INFO o.a.j.t.JMeterThread: Thread is done: Lab 2 Traffic 1-108
2026-04-27 15:34:12,173 INFO o.a.j.t.JMeterThread: Thread finished: Lab 2 Traffic 1-108
2026-04-27 15:34:12,181 INFO o.a.j.t.JMeterThread: Thread started: Lab 2 Traffic 1-213
2026-04-27 15:34:12,226 INFO o.a.j.t.JMeterThread: Thread is done: Lab 2 Traffic 1-109
2026-04-27 15:34:12,226 INFO o.a.j.t.JMeterThread: Thread finished: Lab 2 Traffic 1-109
2026-04-27 15:34:12,266 INFO o.a.j.t.JMeterThread: Thread is done: Lab 2 Traffic 1-111
2026-04-27 15:34:12,266 INFO o.a.j.t.JMeterThread: Thread finished: Lab 2 Traffic 1-111
2026-04-27 15:34:12,290 INFO o.a.j.t.JMeterThread: Thread is done: Lab 2 Traffic 1-110
2026-04-27 15:34:12,290 INFO o.a.j.t.JMeterThread: Thread finished: Lab 2 Traffic 1-110
2026-04-27 15:34:12,301 INFO o.a.j.t.JMeterThread: Thread started: Lab 2 Traffic 1-214
2026-04-27 15:34:12,421 INFO o.a.j.t.JMeterThread: Thread started: Lab 2 Traffic 1-215
2026-04-27 15:34:12,541 INFO o.a.j.t.JMeterThread: Thread started: Lab 2 Traffic 1-216
2026-04-27 15:34:12,657 INFO o.a.j.t.JMeterThread: Thread started: Lab 2 Traffic 1-217
2026-04-27 15:34:12,782 INFO o.a.j.t.JMeterThread: Thread started: Lab 2 Traffic 1-218
2026-04-27 15:34:12,901 INFO o.a.j.t.JMeterThread: Thread started: Lab 2 Traffic 1-219
2026-04-27 15:34:13,020 INFO o.a.j.t.JMeterThread: Thread started: Lab 2 Traffic 1-220
2026-04-27 15:34:13,139 INFO o.a.j.t.JMeterThread: Thread started: Lab 2 Traffic 1-221
2026-04-27 15:34:13,157 INFO o.a.j.t.JMeterThread: Thread is done: Lab 2 Traffic 1-115
2026-04-27 15:34:13,157 INFO o.a.j.t.JMeterThread: Thread finished: Lab 2 Traffic 1-115
2026-04-27 15:34:13,169 INFO o.a.j.t.JMeterThread: Thread is done: Lab 2 Traffic 1-114
2026-04-27 15:34:13,169 INFO o.a.j.t.JMeterThread: Thread finished: Lab 2 Traffic 1-114
2026-04-27 15:34:13,254 INFO o.a.j.t.JMeterThread: Thread is done: Lab 2 Traffic 1-113
2026-04-27 15:34:13,254 INFO o.a.j.t.JMeterThread: Thread finished: Lab 2 Traffic 1-113
2026-04-27 15:34:13,261 INFO o.a.j.t.JMeterThread: Thread started: Lab 2 Traffic 1-222
2026-04-27 15:34:13,340 INFO o.a.j.t.JMeterThread: Thread is done: Lab 2 Traffic 1-117
2026-04-27 15:34:13,340 INFO o.a.j.t.JMeterThread: Thread finished: Lab 2 Traffic 1-117
2026-04-27 15:34:13,361 INFO o.a.j.t.JMeterThread: Thread is done: Lab 2 Traffic 1-118
2026-04-27 15:34:13,361 INFO o.a.j.t.JMeterThread: Thread finished: Lab 2 Traffic 1-118
2026-04-27 15:34:13,381 INFO o.a.j.t.JMeterThread: Thread started: Lab 2 Traffic 1-223
2026-04-27 15:34:13,420 INFO o.a.j.t.JMeterThread: Thread is done: Lab 2 Traffic 1-116
2026-04-27 15:34:13,421 INFO o.a.j.t.JMeterThread: Thread finished: Lab 2 Traffic 1-116
2026-04-27 15:34:13,499 INFO o.a.j.t.JMeterThread: Thread is done: Lab 2 Traffic 1-120
2026-04-27 15:34:13,499 INFO o.a.j.t.JMeterThread: Thread finished: Lab 2 Traffic 1-120
2026-04-27 15:34:13,502 INFO o.a.j.t.JMeterThread: Thread started: Lab 2 Traffic 1-224
2026-04-27 15:34:13,529 INFO o.a.j.t.JMeterThread: Thread is done: Lab 2 Traffic 1-119
2026-04-27 15:34:13,529 INFO o.a.j.t.JMeterThread: Thread finished: Lab 2 Traffic 1-119
2026-04-27 15:34:13,620 INFO o.a.j.t.JMeterThread: Thread started: Lab 2 Traffic 1-225
2026-04-27 15:34:13,739 INFO o.a.j.t.JMeterThread: Thread is done: Lab 2 Traffic 1-121
2026-04-27 15:34:13,739 INFO o.a.j.t.JMeterThread: Thread started: Lab 2 Traffic 1-226
2026-04-27 15:34:13,739 INFO o.a.j.t.JMeterThread: Thread finished: Lab 2 Traffic 1-121
2026-04-27 15:34:13,748 INFO o.a.j.t.JMeterThread: Thread is done: Lab 2 Traffic 1-123
2026-04-27 15:34:13,748 INFO o.a.j.t.JMeterThread: Thread finished: Lab 2 Traffic 1-123
2026-04-27 15:34:13,761 INFO o.a.j.t.JMeterThread: Thread is done: Lab 2 Traffic 1-122
2026-04-27 15:34:13,761 INFO o.a.j.t.JMeterThread: Thread finished: Lab 2 Traffic 1-122
2026-04-27 15:34:13,777 INFO o.a.j.t.JMeterThread: Thread is done: Lab 2 Traffic 1-125
2026-04-27 15:34:13,777 INFO o.a.j.t.JMeterThread: Thread finished: Lab 2 Traffic 1-125
2026-04-27 15:34:13,857 INFO o.a.j.t.JMeterThread: Thread started: Lab 2 Traffic 1-227
2026-04-27 15:34:13,930 INFO o.a.j.t.JMeterThread: Thread is done: Lab 2 Traffic 1-124
2026-04-27 15:34:13,930 INFO o.a.j.t.JMeterThread: Thread finished: Lab 2 Traffic 1-124
2026-04-27 15:34:13,980 INFO o.a.j.t.JMeterThread: Thread started: Lab 2 Traffic 1-228
2026-04-27 15:34:14,098 INFO o.a.j.t.JMeterThread: Thread started: Lab 2 Traffic 1-229
2026-04-27 15:34:14,222 INFO o.a.j.t.JMeterThread: Thread started: Lab 2 Traffic 1-230
2026-04-27 15:34:14,327 INFO o.a.j.t.JMeterThread: Thread is done: Lab 2 Traffic 1-127
2026-04-27 15:34:14,328 INFO o.a.j.t.JMeterThread: Thread finished: Lab 2 Traffic 1-127
2026-04-27 15:34:14,339 INFO o.a.j.t.JMeterThread: Thread started: Lab 2 Traffic 1-231
2026-04-27 15:34:14,433 INFO o.a.j.t.JMeterThread: Thread is done: Lab 2 Traffic 1-126
2026-04-27 15:34:14,434 INFO o.a.j.t.JMeterThread: Thread finished: Lab 2 Traffic 1-126
2026-04-27 15:34:14,453 INFO o.a.j.t.JMeterThread: Thread is done: Lab 2 Traffic 1-129
2026-04-27 15:34:14,453 INFO o.a.j.t.JMeterThread: Thread finished: Lab 2 Traffic 1-129
2026-04-27 15:34:14,455 INFO o.a.j.t.JMeterThread: Thread is done: Lab 2 Traffic 1-130
2026-04-27 15:34:14,455 INFO o.a.j.t.JMeterThread: Thread finished: Lab 2 Traffic 1-130
2026-04-27 15:34:14,459 INFO o.a.j.t.JMeterThread: Thread started: Lab 2 Traffic 1-232
2026-04-27 15:34:14,577 INFO o.a.j.t.JMeterThread: Thread started: Lab 2 Traffic 1-233
2026-04-27 15:34:14,696 INFO o.a.j.t.JMeterThread: Thread started: Lab 2 Traffic 1-234
2026-04-27 15:34:14,817 INFO o.a.j.t.JMeterThread: Thread started: Lab 2 Traffic 1-235
2026-04-27 15:34:14,938 INFO o.a.j.t.JMeterThread: Thread started: Lab 2 Traffic 1-236
2026-04-27 15:34:14,953 INFO o.a.j.t.JMeterThread: Thread is done: Lab 2 Traffic 1-128
2026-04-27 15:34:14,953 INFO o.a.j.t.JMeterThread: Thread finished: Lab 2 Traffic 1-128
2026-04-27 15:34:14,979 INFO o.a.j.t.JMeterThread: Thread is done: Lab 2 Traffic 1-135
2026-04-27 15:34:14,979 INFO o.a.j.t.JMeterThread: Thread finished: Lab 2 Traffic 1-135
2026-04-27 15:34:15,005 INFO o.a.j.t.JMeterThread: Thread is done: Lab 2 Traffic 1-138
2026-04-27 15:34:15,005 INFO o.a.j.t.JMeterThread: Thread finished: Lab 2 Traffic 1-138
2026-04-27 15:34:15,058 INFO o.a.j.t.JMeterThread: Thread started: Lab 2 Traffic 1-237
2026-04-27 15:34:15,072 INFO o.a.j.t.JMeterThread: Thread is done: Lab 2 Traffic 1-132
2026-04-27 15:34:15,072 INFO o.a.j.t.JMeterThread: Thread finished: Lab 2 Traffic 1-132
2026-04-27 15:34:15,181 INFO o.a.j.t.JMeterThread: Thread started: Lab 2 Traffic 1-238
2026-04-27 15:34:15,298 INFO o.a.j.t.JMeterThread: Thread started: Lab 2 Traffic 1-239
2026-04-27 15:34:15,417 INFO o.a.j.t.JMeterThread: Thread started: Lab 2 Traffic 1-240
2026-04-27 15:34:15,541 INFO o.a.j.t.JMeterThread: Thread started: Lab 2 Traffic 1-241
2026-04-27 15:34:15,659 INFO o.a.j.t.JMeterThread: Thread started: Lab 2 Traffic 1-242
2026-04-27 15:34:15,700 INFO o.a.j.t.JMeterThread: Thread is done: Lab 2 Traffic 1-131
2026-04-27 15:34:15,700 INFO o.a.j.t.JMeterThread: Thread finished: Lab 2 Traffic 1-131
2026-04-27 15:34:15,778 INFO o.a.j.t.JMeterThread: Thread started: Lab 2 Traffic 1-243
2026-04-27 15:34:15,898 INFO o.a.j.t.JMeterThread: Thread started: Lab 2 Traffic 1-244
2026-04-27 15:34:16,019 INFO o.a.j.t.JMeterThread: Thread started: Lab 2 Traffic 1-245
2026-04-27 15:34:16,141 INFO o.a.j.t.JMeterThread: Thread started: Lab 2 Traffic 1-246
2026-04-27 15:34:16,261 INFO o.a.j.t.JMeterThread: Thread started: Lab 2 Traffic 1-247
2026-04-27 15:34:16,382 INFO o.a.j.t.JMeterThread: Thread started: Lab 2 Traffic 1-248
2026-04-27 15:34:16,429 INFO o.a.j.t.JMeterThread: Thread is done: Lab 2 Traffic 1-141
2026-04-27 15:34:16,429 INFO o.a.j.t.JMeterThread: Thread finished: Lab 2 Traffic 1-141
2026-04-27 15:34:16,487 INFO o.a.j.t.JMeterThread: Thread is done: Lab 2 Traffic 1-134
2026-04-27 15:34:16,487 INFO o.a.j.t.JMeterThread: Thread is done: Lab 2 Traffic 1-140
2026-04-27 15:34:16,487 INFO o.a.j.t.JMeterThread: Thread finished: Lab 2 Traffic 1-140
2026-04-27 15:34:16,487 INFO o.a.j.t.JMeterThread: Thread finished: Lab 2 Traffic 1-134
2026-04-27 15:34:16,501 INFO o.a.j.t.JMeterThread: Thread started: Lab 2 Traffic 1-249
2026-04-27 15:34:16,617 INFO o.a.j.t.JMeterThread: Thread started: Lab 2 Traffic 1-250
2026-04-27 15:34:16,740 INFO o.a.j.t.JMeterThread: Thread started: Lab 2 Traffic 1-251
2026-04-27 15:34:16,861 INFO o.a.j.t.JMeterThread: Thread started: Lab 2 Traffic 1-252
2026-04-27 15:34:16,979 INFO o.a.j.t.JMeterThread: Thread started: Lab 2 Traffic 1-253
2026-04-27 15:34:17,096 INFO o.a.j.t.JMeterThread: Thread started: Lab 2 Traffic 1-254
2026-04-27 15:34:17,220 INFO o.a.j.t.JMeterThread: Thread started: Lab 2 Traffic 1-255
2026-04-27 15:34:17,340 INFO o.a.j.t.JMeterThread: Thread started: Lab 2 Traffic 1-256
2026-04-27 15:34:17,461 INFO o.a.j.t.JMeterThread: Thread started: Lab 2 Traffic 1-257
2026-04-27 15:34:17,516 INFO o.a.j.t.JMeterThread: Thread is done: Lab 2 Traffic 1-133
2026-04-27 15:34:17,516 INFO o.a.j.t.JMeterThread: Thread finished: Lab 2 Traffic 1-133
2026-04-27 15:34:17,551 INFO o.a.j.t.JMeterThread: Thread is done: Lab 2 Traffic 1-136
2026-04-27 15:34:17,551 INFO o.a.j.t.JMeterThread: Thread finished: Lab 2 Traffic 1-136
2026-04-27 15:34:17,580 INFO o.a.j.t.JMeterThread: Thread started: Lab 2 Traffic 1-258
2026-04-27 15:34:17,693 INFO o.a.j.t.JMeterThread: Thread is done: Lab 2 Traffic 1-137
2026-04-27 15:34:17,694 INFO o.a.j.t.JMeterThread: Thread finished: Lab 2 Traffic 1-137
2026-04-27 15:34:17,696 INFO o.a.j.t.JMeterThread: Thread started: Lab 2 Traffic 1-259
2026-04-27 15:34:17,705 INFO o.a.j.t.JMeterThread: Thread is done: Lab 2 Traffic 1-139
2026-04-27 15:34:17,705 INFO o.a.j.t.JMeterThread: Thread finished: Lab 2 Traffic 1-139
2026-04-27 15:34:17,720 INFO o.a.j.t.JMeterThread: Thread is done: Lab 2 Traffic 1-144
2026-04-27 15:34:17,720 INFO o.a.j.t.JMeterThread: Thread finished: Lab 2 Traffic 1-144
2026-04-27 15:34:17,820 INFO o.a.j.t.JMeterThread: Thread started: Lab 2 Traffic 1-260
2026-04-27 15:34:17,941 INFO o.a.j.t.JMeterThread: Thread started: Lab 2 Traffic 1-261
2026-04-27 15:34:18,061 INFO o.a.j.t.JMeterThread: Thread started: Lab 2 Traffic 1-262
2026-04-27 15:34:18,182 INFO o.a.j.t.JMeterThread: Thread started: Lab 2 Traffic 1-263
2026-04-27 15:34:18,283 INFO o.a.j.t.JMeterThread: Thread is done: Lab 2 Traffic 1-151
2026-04-27 15:34:18,283 INFO o.a.j.t.JMeterThread: Thread finished: Lab 2 Traffic 1-151
2026-04-27 15:34:18,301 INFO o.a.j.t.JMeterThread: Thread started: Lab 2 Traffic 1-264
2026-04-27 15:34:18,421 INFO o.a.j.t.JMeterThread: Thread started: Lab 2 Traffic 1-265
2026-04-27 15:34:18,541 INFO o.a.j.t.JMeterThread: Thread started: Lab 2 Traffic 1-266
2026-04-27 15:34:18,661 INFO o.a.j.t.JMeterThread: Thread started: Lab 2 Traffic 1-267
2026-04-27 15:34:18,778 INFO o.a.j.t.JMeterThread: Thread started: Lab 2 Traffic 1-268
2026-04-27 15:34:18,898 INFO o.a.j.t.JMeterThread: Thread started: Lab 2 Traffic 1-269
2026-04-27 15:34:19,019 INFO o.a.j.t.JMeterThread: Thread started: Lab 2 Traffic 1-270
2026-04-27 15:34:19,138 INFO o.a.j.t.JMeterThread: Thread started: Lab 2 Traffic 1-271
2026-04-27 15:34:19,259 INFO o.a.j.t.JMeterThread: Thread started: Lab 2 Traffic 1-272
2026-04-27 15:34:19,379 INFO o.a.j.t.JMeterThread: Thread started: Lab 2 Traffic 1-273
2026-04-27 15:34:19,511 INFO o.a.j.t.JMeterThread: Thread started: Lab 2 Traffic 1-274
2026-04-27 15:34:19,621 INFO o.a.j.t.JMeterThread: Thread started: Lab 2 Traffic 1-275
2026-04-27 15:34:19,716 INFO o.a.j.t.JMeterThread: Thread is done: Lab 2 Traffic 1-142
2026-04-27 15:34:19,716 INFO o.a.j.t.JMeterThread: Thread finished: Lab 2 Traffic 1-142
2026-04-27 15:34:19,737 INFO o.a.j.t.JMeterThread: Thread started: Lab 2 Traffic 1-276
2026-04-27 15:34:19,860 INFO o.a.j.t.JMeterThread: Thread started: Lab 2 Traffic 1-277
2026-04-27 15:34:19,982 INFO o.a.j.t.JMeterThread: Thread started: Lab 2 Traffic 1-278
2026-04-27 15:34:20,098 INFO o.a.j.t.JMeterThread: Thread started: Lab 2 Traffic 1-279
2026-04-27 15:34:20,221 INFO o.a.j.t.JMeterThread: Thread started: Lab 2 Traffic 1-280
2026-04-27 15:34:20,321 INFO o.a.j.t.JMeterThread: Thread is done: Lab 2 Traffic 1-145
2026-04-27 15:34:20,321 INFO o.a.j.t.JMeterThread: Thread finished: Lab 2 Traffic 1-145
2026-04-27 15:34:20,341 INFO o.a.j.t.JMeterThread: Thread started: Lab 2 Traffic 1-281
2026-04-27 15:34:20,461 INFO o.a.j.t.JMeterThread: Thread started: Lab 2 Traffic 1-282
2026-04-27 15:34:20,581 INFO o.a.j.t.JMeterThread: Thread started: Lab 2 Traffic 1-283
2026-04-27 15:34:20,600 INFO o.a.j.t.JMeterThread: Thread is done: Lab 2 Traffic 1-143
2026-04-27 15:34:20,600 INFO o.a.j.t.JMeterThread: Thread finished: Lab 2 Traffic 1-143
2026-04-27 15:34:20,612 INFO o.a.j.t.JMeterThread: Thread is done: Lab 2 Traffic 1-147
2026-04-27 15:34:20,612 INFO o.a.j.t.JMeterThread: Thread finished: Lab 2 Traffic 1-147
2026-04-27 15:34:20,701 INFO o.a.j.t.JMeterThread: Thread started: Lab 2 Traffic 1-284
2026-04-27 15:34:20,820 INFO o.a.j.t.JMeterThread: Thread started: Lab 2 Traffic 1-285
2026-04-27 15:34:20,941 INFO o.a.j.t.JMeterThread: Thread started: Lab 2 Traffic 1-286
2026-04-27 15:34:21,055 INFO o.a.j.t.JMeterThread: Thread is done: Lab 2 Traffic 1-149
2026-04-27 15:34:21,055 INFO o.a.j.t.JMeterThread: Thread finished: Lab 2 Traffic 1-149
2026-04-27 15:34:21,062 INFO o.a.j.t.JMeterThread: Thread is done: Lab 2 Traffic 1-146
2026-04-27 15:34:21,062 INFO o.a.j.t.JMeterThread: Thread finished: Lab 2 Traffic 1-146
2026-04-27 15:34:21,062 INFO o.a.j.t.JMeterThread: Thread started: Lab 2 Traffic 1-287
2026-04-27 15:34:21,083 INFO o.a.j.t.JMeterThread: Thread is done: Lab 2 Traffic 1-150
2026-04-27 15:34:21,083 INFO o.a.j.t.JMeterThread: Thread finished: Lab 2 Traffic 1-150
2026-04-27 15:34:21,181 INFO o.a.j.t.JMeterThread: Thread started: Lab 2 Traffic 1-288
2026-04-27 15:34:21,273 INFO o.a.j.t.JMeterThread: Thread is done: Lab 2 Traffic 1-148
2026-04-27 15:34:21,273 INFO o.a.j.t.JMeterThread: Thread finished: Lab 2 Traffic 1-148
2026-04-27 15:34:21,301 INFO o.a.j.t.JMeterThread: Thread started: Lab 2 Traffic 1-289
2026-04-27 15:34:21,373 INFO o.a.j.t.JMeterThread: Thread is done: Lab 2 Traffic 1-154
2026-04-27 15:34:21,373 INFO o.a.j.t.JMeterThread: Thread finished: Lab 2 Traffic 1-154
2026-04-27 15:34:21,401 INFO o.a.j.t.JMeterThread: Thread is done: Lab 2 Traffic 1-155
2026-04-27 15:34:21,401 INFO o.a.j.t.JMeterThread: Thread finished: Lab 2 Traffic 1-155
2026-04-27 15:34:21,421 INFO o.a.j.t.JMeterThread: Thread started: Lab 2 Traffic 1-290
2026-04-27 15:34:21,436 INFO o.a.j.t.JMeterThread: Thread is done: Lab 2 Traffic 1-153
2026-04-27 15:34:21,436 INFO o.a.j.t.JMeterThread: Thread finished: Lab 2 Traffic 1-153
2026-04-27 15:34:21,469 INFO o.a.j.t.JMeterThread: Thread is done: Lab 2 Traffic 1-152
2026-04-27 15:34:21,470 INFO o.a.j.t.JMeterThread: Thread finished: Lab 2 Traffic 1-152
2026-04-27 15:34:21,537 INFO o.a.j.t.JMeterThread: Thread started: Lab 2 Traffic 1-291
2026-04-27 15:34:21,649 INFO o.a.j.t.JMeterThread: Thread is done: Lab 2 Traffic 1-157
2026-04-27 15:34:21,649 INFO o.a.j.t.JMeterThread: Thread finished: Lab 2 Traffic 1-157
2026-04-27 15:34:21,651 INFO o.a.j.t.JMeterThread: Thread is done: Lab 2 Traffic 1-156
2026-04-27 15:34:21,651 INFO o.a.j.t.JMeterThread: Thread finished: Lab 2 Traffic 1-156
2026-04-27 15:34:21,657 INFO o.a.j.t.JMeterThread: Thread started: Lab 2 Traffic 1-292
2026-04-27 15:34:21,781 INFO o.a.j.t.JMeterThread: Thread started: Lab 2 Traffic 1-293
2026-04-27 15:34:21,786 INFO o.a.j.t.JMeterThread: Thread is done: Lab 2 Traffic 1-162
2026-04-27 15:34:21,787 INFO o.a.j.t.JMeterThread: Thread finished: Lab 2 Traffic 1-162
2026-04-27 15:34:21,790 INFO o.a.j.t.JMeterThread: Thread is done: Lab 2 Traffic 1-158
2026-04-27 15:34:21,791 INFO o.a.j.t.JMeterThread: Thread finished: Lab 2 Traffic 1-158
2026-04-27 15:34:21,843 INFO o.a.j.t.JMeterThread: Thread is done: Lab 2 Traffic 1-160
2026-04-27 15:34:21,843 INFO o.a.j.t.JMeterThread: Thread finished: Lab 2 Traffic 1-160
2026-04-27 15:34:21,892 INFO o.a.j.t.JMeterThread: Thread is done: Lab 2 Traffic 1-161
2026-04-27 15:34:21,892 INFO o.a.j.t.JMeterThread: Thread finished: Lab 2 Traffic 1-161
2026-04-27 15:34:21,897 INFO o.a.j.t.JMeterThread: Thread started: Lab 2 Traffic 1-294
2026-04-27 15:34:21,935 INFO o.a.j.t.JMeterThread: Thread is done: Lab 2 Traffic 1-159
2026-04-27 15:34:21,935 INFO o.a.j.t.JMeterThread: Thread finished: Lab 2 Traffic 1-159
2026-04-27 15:34:22,019 INFO o.a.j.t.JMeterThread: Thread started: Lab 2 Traffic 1-295
2026-04-27 15:34:22,137 INFO o.a.j.t.JMeterThread: Thread started: Lab 2 Traffic 1-296
2026-04-27 15:34:22,261 INFO o.a.j.t.JMeterThread: Thread started: Lab 2 Traffic 1-297
2026-04-27 15:34:22,379 INFO o.a.j.t.JMeterThread: Thread started: Lab 2 Traffic 1-298
2026-04-27 15:34:22,499 INFO o.a.j.t.JMeterThread: Thread started: Lab 2 Traffic 1-299
2026-04-27 15:34:22,524 INFO o.a.j.t.JMeterThread: Thread is done: Lab 2 Traffic 1-164
2026-04-27 15:34:22,524 INFO o.a.j.t.JMeterThread: Thread finished: Lab 2 Traffic 1-164
2026-04-27 15:34:22,621 INFO o.a.j.t.JMeterThread: Thread started: Lab 2 Traffic 1-300
2026-04-27 15:34:22,635 INFO o.a.j.t.JMeterThread: Thread is done: Lab 2 Traffic 1-165
2026-04-27 15:34:22,635 INFO o.a.j.t.JMeterThread: Thread is done: Lab 2 Traffic 1-168
2026-04-27 15:34:22,635 INFO o.a.j.t.JMeterThread: Thread finished: Lab 2 Traffic 1-168
2026-04-27 15:34:22,635 INFO o.a.j.t.JMeterThread: Thread finished: Lab 2 Traffic 1-165
2026-04-27 15:34:22,651 INFO o.a.j.t.JMeterThread: Thread is done: Lab 2 Traffic 1-163
2026-04-27 15:34:22,652 INFO o.a.j.t.JMeterThread: Thread finished: Lab 2 Traffic 1-163
2026-04-27 15:34:22,662 INFO o.a.j.t.JMeterThread: Thread is done: Lab 2 Traffic 1-170
2026-04-27 15:34:22,662 INFO o.a.j.t.JMeterThread: Thread finished: Lab 2 Traffic 1-170
2026-04-27 15:34:22,682 INFO o.a.j.t.JMeterThread: Thread is done: Lab 2 Traffic 1-166
2026-04-27 15:34:22,682 INFO o.a.j.t.JMeterThread: Thread finished: Lab 2 Traffic 1-166
2026-04-27 15:34:22,740 INFO o.a.j.t.JMeterThread: Thread started: Lab 2 Traffic 1-301
2026-04-27 15:34:22,856 INFO o.a.j.t.JMeterThread: Thread is done: Lab 2 Traffic 1-171
2026-04-27 15:34:22,856 INFO o.a.j.t.JMeterThread: Thread finished: Lab 2 Traffic 1-171
2026-04-27 15:34:22,857 INFO o.a.j.t.JMeterThread: Thread is done: Lab 2 Traffic 1-179
2026-04-27 15:34:22,857 INFO o.a.j.t.JMeterThread: Thread finished: Lab 2 Traffic 1-179
2026-04-27 15:34:22,860 INFO o.a.j.t.JMeterThread: Thread started: Lab 2 Traffic 1-302
2026-04-27 15:34:22,937 INFO o.a.j.t.JMeterThread: Thread is done: Lab 2 Traffic 1-169
2026-04-27 15:34:22,937 INFO o.a.j.t.JMeterThread: Thread finished: Lab 2 Traffic 1-169
2026-04-27 15:34:22,980 INFO o.a.j.t.JMeterThread: Thread started: Lab 2 Traffic 1-303
2026-04-27 15:34:23,023 INFO o.a.j.t.JMeterThread: Thread is done: Lab 2 Traffic 1-167
2026-04-27 15:34:23,023 INFO o.a.j.t.JMeterThread: Thread finished: Lab 2 Traffic 1-167
2026-04-27 15:34:23,024 INFO o.a.j.t.JMeterThread: Thread is done: Lab 2 Traffic 1-173
2026-04-27 15:34:23,024 INFO o.a.j.t.JMeterThread: Thread finished: Lab 2 Traffic 1-173
2026-04-27 15:34:23,099 INFO o.a.j.t.JMeterThread: Thread started: Lab 2 Traffic 1-304
2026-04-27 15:34:23,219 INFO o.a.j.t.JMeterThread: Thread started: Lab 2 Traffic 1-305
2026-04-27 15:34:23,307 INFO o.a.j.t.JMeterThread: Thread is done: Lab 2 Traffic 1-175
2026-04-27 15:34:23,307 INFO o.a.j.t.JMeterThread: Thread finished: Lab 2 Traffic 1-175
2026-04-27 15:34:23,342 INFO o.a.j.t.JMeterThread: Thread started: Lab 2 Traffic 1-306
2026-04-27 15:34:23,351 INFO o.a.j.t.JMeterThread: Thread is done: Lab 2 Traffic 1-172
2026-04-27 15:34:23,351 INFO o.a.j.t.JMeterThread: Thread finished: Lab 2 Traffic 1-172
2026-04-27 15:34:23,380 INFO o.a.j.t.JMeterThread: Thread is done: Lab 2 Traffic 1-174
2026-04-27 15:34:23,380 INFO o.a.j.t.JMeterThread: Thread finished: Lab 2 Traffic 1-174
2026-04-27 15:34:23,459 INFO o.a.j.t.JMeterThread: Thread is done: Lab 2 Traffic 1-178
2026-04-27 15:34:23,459 INFO o.a.j.t.JMeterThread: Thread finished: Lab 2 Traffic 1-178
2026-04-27 15:34:23,461 INFO o.a.j.t.JMeterThread: Thread started: Lab 2 Traffic 1-307
2026-04-27 15:34:23,466 INFO o.a.j.t.JMeterThread: Thread is done: Lab 2 Traffic 1-176
2026-04-27 15:34:23,466 INFO o.a.j.t.JMeterThread: Thread finished: Lab 2 Traffic 1-176
2026-04-27 15:34:23,491 INFO o.a.j.t.JMeterThread: Thread is done: Lab 2 Traffic 1-177
2026-04-27 15:34:23,491 INFO o.a.j.t.JMeterThread: Thread finished: Lab 2 Traffic 1-177
2026-04-27 15:34:23,581 INFO o.a.j.t.JMeterThread: Thread started: Lab 2 Traffic 1-308
2026-04-27 15:34:23,701 INFO o.a.j.t.JMeterThread: Thread started: Lab 2 Traffic 1-309
2026-04-27 15:34:23,821 INFO o.a.j.t.JMeterThread: Thread started: Lab 2 Traffic 1-310
2026-04-27 15:34:23,942 INFO o.a.j.t.JMeterThread: Thread started: Lab 2 Traffic 1-311
2026-04-27 15:34:24,059 INFO o.a.j.t.JMeterThread: Thread started: Lab 2 Traffic 1-312
2026-04-27 15:34:24,181 INFO o.a.j.t.JMeterThread: Thread started: Lab 2 Traffic 1-313
2026-04-27 15:34:24,298 INFO o.a.j.t.JMeterThread: Thread started: Lab 2 Traffic 1-314
2026-04-27 15:34:24,343 INFO o.a.j.t.JMeterThread: Thread is done: Lab 2 Traffic 1-183
2026-04-27 15:34:24,343 INFO o.a.j.t.JMeterThread: Thread finished: Lab 2 Traffic 1-183
2026-04-27 15:34:24,419 INFO o.a.j.t.JMeterThread: Thread started: Lab 2 Traffic 1-315
2026-04-27 15:34:24,541 INFO o.a.j.t.JMeterThread: Thread started: Lab 2 Traffic 1-316
2026-04-27 15:34:24,661 INFO o.a.j.t.JMeterThread: Thread started: Lab 2 Traffic 1-317
2026-04-27 15:34:24,776 INFO o.a.j.t.JMeterThread: Thread started: Lab 2 Traffic 1-318
2026-04-27 15:34:24,896 INFO o.a.j.t.JMeterThread: Thread started: Lab 2 Traffic 1-319
2026-04-27 15:34:24,985 INFO o.a.j.t.JMeterThread: Thread is done: Lab 2 Traffic 1-180
2026-04-27 15:34:24,985 INFO o.a.j.t.JMeterThread: Thread finished: Lab 2 Traffic 1-180
2026-04-27 15:34:25,021 INFO o.a.j.t.JMeterThread: Thread started: Lab 2 Traffic 1-320
2026-04-27 15:34:25,140 INFO o.a.j.t.JMeterThread: Thread started: Lab 2 Traffic 1-321
2026-04-27 15:34:25,198 INFO o.a.j.t.JMeterThread: Thread is done: Lab 2 Traffic 1-182
2026-04-27 15:34:25,198 INFO o.a.j.t.JMeterThread: Thread finished: Lab 2 Traffic 1-182
2026-04-27 15:34:25,235 INFO o.a.j.t.JMeterThread: Thread is done: Lab 2 Traffic 1-181
2026-04-27 15:34:25,235 INFO o.a.j.t.JMeterThread: Thread finished: Lab 2 Traffic 1-181
2026-04-27 15:34:25,261 INFO o.a.j.t.JMeterThread: Thread started: Lab 2 Traffic 1-322
2026-04-27 15:34:25,381 INFO o.a.j.t.JMeterThread: Thread started: Lab 2 Traffic 1-323
2026-04-27 15:34:25,497 INFO o.a.j.t.JMeterThread: Thread started: Lab 2 Traffic 1-324
2026-04-27 15:34:25,506 INFO o.a.j.t.JMeterThread: Thread is done: Lab 2 Traffic 1-187
2026-04-27 15:34:25,506 INFO o.a.j.t.JMeterThread: Thread finished: Lab 2 Traffic 1-187
2026-04-27 15:34:25,618 INFO o.a.j.t.JMeterThread: Thread started: Lab 2 Traffic 1-325
2026-04-27 15:34:25,740 INFO o.a.j.t.JMeterThread: Thread started: Lab 2 Traffic 1-326
2026-04-27 15:34:25,862 INFO o.a.j.t.JMeterThread: Thread started: Lab 2 Traffic 1-327
2026-04-27 15:34:25,981 INFO o.a.j.t.JMeterThread: Thread started: Lab 2 Traffic 1-328
2026-04-27 15:34:26,100 INFO o.a.j.t.JMeterThread: Thread started: Lab 2 Traffic 1-329
2026-04-27 15:34:26,217 INFO o.a.j.t.JMeterThread: Thread started: Lab 2 Traffic 1-330
2026-04-27 15:34:26,339 INFO o.a.j.t.JMeterThread: Thread started: Lab 2 Traffic 1-331
2026-04-27 15:34:26,461 INFO o.a.j.t.JMeterThread: Thread started: Lab 2 Traffic 1-332
2026-04-27 15:34:26,577 INFO o.a.j.t.JMeterThread: Thread started: Lab 2 Traffic 1-333
2026-04-27 15:34:26,586 INFO o.a.j.t.JMeterThread: Thread is done: Lab 2 Traffic 1-185
2026-04-27 15:34:26,586 INFO o.a.j.t.JMeterThread: Thread finished: Lab 2 Traffic 1-185
2026-04-27 15:34:26,700 INFO o.a.j.t.JMeterThread: Thread started: Lab 2 Traffic 1-334
2026-04-27 15:34:26,819 INFO o.a.j.t.JMeterThread: Thread started: Lab 2 Traffic 1-335
2026-04-27 15:34:26,902 INFO o.a.j.t.JMeterThread: Thread is done: Lab 2 Traffic 1-186
2026-04-27 15:34:26,902 INFO o.a.j.t.JMeterThread: Thread finished: Lab 2 Traffic 1-186
2026-04-27 15:34:26,933 INFO o.a.j.t.JMeterThread: Thread is done: Lab 2 Traffic 1-184
2026-04-27 15:34:26,934 INFO o.a.j.t.JMeterThread: Thread finished: Lab 2 Traffic 1-184
2026-04-27 15:34:26,936 INFO o.a.j.t.JMeterThread: Thread started: Lab 2 Traffic 1-336
2026-04-27 15:34:27,002 INFO o.a.j.t.JMeterThread: Thread is done: Lab 2 Traffic 1-193
2026-04-27 15:34:27,002 INFO o.a.j.t.JMeterThread: Thread finished: Lab 2 Traffic 1-193
2026-04-27 15:34:27,061 INFO o.a.j.t.JMeterThread: Thread started: Lab 2 Traffic 1-337
2026-04-27 15:34:27,181 INFO o.a.j.t.JMeterThread: Thread is done: Lab 2 Traffic 1-189
2026-04-27 15:34:27,181 INFO o.a.j.t.JMeterThread: Thread finished: Lab 2 Traffic 1-189
2026-04-27 15:34:27,181 INFO o.a.j.t.JMeterThread: Thread started: Lab 2 Traffic 1-338
2026-04-27 15:34:27,300 INFO o.a.j.t.JMeterThread: Thread started: Lab 2 Traffic 1-339
2026-04-27 15:34:27,418 INFO o.a.j.t.JMeterThread: Thread started: Lab 2 Traffic 1-340
2026-04-27 15:34:27,542 INFO o.a.j.t.JMeterThread: Thread started: Lab 2 Traffic 1-341
2026-04-27 15:34:27,661 INFO o.a.j.t.JMeterThread: Thread started: Lab 2 Traffic 1-342
2026-04-27 15:34:27,781 INFO o.a.j.t.JMeterThread: Thread started: Lab 2 Traffic 1-343
2026-04-27 15:34:27,902 INFO o.a.j.t.JMeterThread: Thread started: Lab 2 Traffic 1-344
2026-04-27 15:34:28,021 INFO o.a.j.t.JMeterThread: Thread started: Lab 2 Traffic 1-345
2026-04-27 15:34:28,139 INFO o.a.j.t.JMeterThread: Thread started: Lab 2 Traffic 1-346
2026-04-27 15:34:28,259 INFO o.a.j.t.JMeterThread: Thread started: Lab 2 Traffic 1-347
2026-04-27 15:34:28,377 INFO o.a.j.t.JMeterThread: Thread started: Lab 2 Traffic 1-348
2026-04-27 15:34:28,496 INFO o.a.j.t.JMeterThread: Thread started: Lab 2 Traffic 1-349
2026-04-27 15:34:28,512 INFO o.a.j.t.JMeterThread: Thread is done: Lab 2 Traffic 1-188
2026-04-27 15:34:28,512 INFO o.a.j.t.JMeterThread: Thread finished: Lab 2 Traffic 1-188
2026-04-27 15:34:28,617 INFO o.a.j.t.JMeterThread: Thread started: Lab 2 Traffic 1-350
2026-04-27 15:34:28,659 INFO o.a.j.t.JMeterThread: Thread is done: Lab 2 Traffic 1-196
2026-04-27 15:34:28,659 INFO o.a.j.t.JMeterThread: Thread finished: Lab 2 Traffic 1-196
2026-04-27 15:34:28,741 INFO o.a.j.t.JMeterThread: Thread started: Lab 2 Traffic 1-351
2026-04-27 15:34:28,861 INFO o.a.j.t.JMeterThread: Thread started: Lab 2 Traffic 1-352
2026-04-27 15:34:28,978 INFO o.a.j.t.JMeterThread: Thread started: Lab 2 Traffic 1-353
2026-04-27 15:34:29,099 INFO o.a.j.t.JMeterThread: Thread started: Lab 2 Traffic 1-354
2026-04-27 15:34:29,163 INFO o.a.j.t.JMeterThread: Thread is done: Lab 2 Traffic 1-198
2026-04-27 15:34:29,163 INFO o.a.j.t.JMeterThread: Thread finished: Lab 2 Traffic 1-198
2026-04-27 15:34:29,218 INFO o.a.j.t.JMeterThread: Thread started: Lab 2 Traffic 1-355
2026-04-27 15:34:29,319 INFO o.a.j.t.JMeterThread: Thread is done: Lab 2 Traffic 1-191
2026-04-27 15:34:29,319 INFO o.a.j.t.JMeterThread: Thread finished: Lab 2 Traffic 1-191
2026-04-27 15:34:29,342 INFO o.a.j.t.JMeterThread: Thread started: Lab 2 Traffic 1-356
2026-04-27 15:34:29,473 INFO o.a.j.t.JMeterThread: Thread started: Lab 2 Traffic 1-357
2026-04-27 15:34:29,577 INFO o.a.j.t.JMeterThread: Thread started: Lab 2 Traffic 1-358
2026-04-27 15:34:29,697 INFO o.a.j.t.JMeterThread: Thread started: Lab 2 Traffic 1-359
2026-04-27 15:34:29,819 INFO o.a.j.t.JMeterThread: Thread started: Lab 2 Traffic 1-360
2026-04-27 15:34:29,938 INFO o.a.j.t.JMeterThread: Thread started: Lab 2 Traffic 1-361
2026-04-27 15:34:29,957 INFO o.a.j.t.JMeterThread: Thread is done: Lab 2 Traffic 1-190
2026-04-27 15:34:29,957 INFO o.a.j.t.JMeterThread: Thread finished: Lab 2 Traffic 1-190
2026-04-27 15:34:29,967 INFO o.a.j.t.JMeterThread: Thread is done: Lab 2 Traffic 1-194
2026-04-27 15:34:29,967 INFO o.a.j.t.JMeterThread: Thread finished: Lab 2 Traffic 1-194
2026-04-27 15:34:30,061 INFO o.a.j.t.JMeterThread: Thread started: Lab 2 Traffic 1-362
2026-04-27 15:34:30,177 INFO o.a.j.t.JMeterThread: Thread started: Lab 2 Traffic 1-363
2026-04-27 15:34:30,297 INFO o.a.j.t.JMeterThread: Thread started: Lab 2 Traffic 1-364
2026-04-27 15:34:30,334 INFO o.a.j.t.JMeterThread: Thread is done: Lab 2 Traffic 1-192
2026-04-27 15:34:30,334 INFO o.a.j.t.JMeterThread: Thread finished: Lab 2 Traffic 1-192
2026-04-27 15:34:30,418 INFO o.a.j.t.JMeterThread: Thread started: Lab 2 Traffic 1-365
2026-04-27 15:34:30,536 INFO o.a.j.t.JMeterThread: Thread started: Lab 2 Traffic 1-366
2026-04-27 15:34:30,660 INFO o.a.j.t.JMeterThread: Thread started: Lab 2 Traffic 1-367
2026-04-27 15:34:30,777 INFO o.a.j.t.JMeterThread: Thread started: Lab 2 Traffic 1-368
2026-04-27 15:34:30,901 INFO o.a.j.t.JMeterThread: Thread started: Lab 2 Traffic 1-369
2026-04-27 15:34:31,016 INFO o.a.j.t.JMeterThread: Thread started: Lab 2 Traffic 1-370
2026-04-27 15:34:31,139 INFO o.a.j.t.JMeterThread: Thread started: Lab 2 Traffic 1-371
2026-04-27 15:34:31,261 INFO o.a.j.t.JMeterThread: Thread started: Lab 2 Traffic 1-372
2026-04-27 15:34:31,377 INFO o.a.j.t.JMeterThread: Thread started: Lab 2 Traffic 1-373
2026-04-27 15:34:31,502 INFO o.a.j.t.JMeterThread: Thread started: Lab 2 Traffic 1-374
2026-04-27 15:34:31,622 INFO o.a.j.t.JMeterThread: Thread started: Lab 2 Traffic 1-375
2026-04-27 15:34:31,697 INFO o.a.j.t.JMeterThread: Thread is done: Lab 2 Traffic 1-195
2026-04-27 15:34:31,697 INFO o.a.j.t.JMeterThread: Thread finished: Lab 2 Traffic 1-195
2026-04-27 15:34:31,699 INFO o.a.j.t.JMeterThread: Thread is done: Lab 2 Traffic 1-197
2026-04-27 15:34:31,699 INFO o.a.j.t.JMeterThread: Thread finished: Lab 2 Traffic 1-197
2026-04-27 15:34:31,737 INFO o.a.j.t.JMeterThread: Thread started: Lab 2 Traffic 1-376
2026-04-27 15:34:31,748 INFO o.a.j.t.JMeterThread: Thread is done: Lab 2 Traffic 1-199
2026-04-27 15:34:31,748 INFO o.a.j.t.JMeterThread: Thread finished: Lab 2 Traffic 1-199
2026-04-27 15:34:31,748 INFO o.a.j.t.JMeterThread: Thread is done: Lab 2 Traffic 1-200
2026-04-27 15:34:31,748 INFO o.a.j.t.JMeterThread: Thread finished: Lab 2 Traffic 1-200
2026-04-27 15:34:31,862 INFO o.a.j.t.JMeterThread: Thread started: Lab 2 Traffic 1-377
2026-04-27 15:34:31,981 INFO o.a.j.t.JMeterThread: Thread started: Lab 2 Traffic 1-378
2026-04-27 15:34:32,079 INFO o.a.j.t.JMeterThread: Thread is done: Lab 2 Traffic 1-202
2026-04-27 15:34:32,079 INFO o.a.j.t.JMeterThread: Thread finished: Lab 2 Traffic 1-202
2026-04-27 15:34:32,098 INFO o.a.j.t.JMeterThread: Thread started: Lab 2 Traffic 1-379
2026-04-27 15:34:32,110 INFO o.a.j.t.JMeterThread: Thread is done: Lab 2 Traffic 1-201
2026-04-27 15:34:32,110 INFO o.a.j.t.JMeterThread: Thread finished: Lab 2 Traffic 1-201
2026-04-27 15:34:32,153 INFO o.a.j.t.JMeterThread: Thread is done: Lab 2 Traffic 1-203
2026-04-27 15:34:32,154 INFO o.a.j.t.JMeterThread: Thread finished: Lab 2 Traffic 1-203
2026-04-27 15:34:32,219 INFO o.a.j.t.JMeterThread: Thread started: Lab 2 Traffic 1-380
2026-04-27 15:34:32,252 INFO o.a.j.t.JMeterThread: Thread is done: Lab 2 Traffic 1-207
2026-04-27 15:34:32,252 INFO o.a.j.t.JMeterThread: Thread finished: Lab 2 Traffic 1-207
2026-04-27 15:34:32,288 INFO o.a.j.t.JMeterThread: Thread is done: Lab 2 Traffic 1-208
2026-04-27 15:34:32,288 INFO o.a.j.t.JMeterThread: Thread finished: Lab 2 Traffic 1-208
2026-04-27 15:34:32,341 INFO o.a.j.t.JMeterThread: Thread started: Lab 2 Traffic 1-381
2026-04-27 15:34:32,385 INFO o.a.j.t.JMeterThread: Thread is done: Lab 2 Traffic 1-204
2026-04-27 15:34:32,385 INFO o.a.j.t.JMeterThread: Thread finished: Lab 2 Traffic 1-204
2026-04-27 15:34:32,389 INFO o.a.j.t.JMeterThread: Thread is done: Lab 2 Traffic 1-215
2026-04-27 15:34:32,389 INFO o.a.j.t.JMeterThread: Thread finished: Lab 2 Traffic 1-215
2026-04-27 15:34:32,462 INFO o.a.j.t.JMeterThread: Thread started: Lab 2 Traffic 1-382
2026-04-27 15:34:32,472 INFO o.a.j.t.JMeterThread: Thread is done: Lab 2 Traffic 1-206
2026-04-27 15:34:32,472 INFO o.a.j.t.JMeterThread: Thread finished: Lab 2 Traffic 1-206
2026-04-27 15:34:32,583 INFO o.a.j.t.JMeterThread: Thread started: Lab 2 Traffic 1-383
2026-04-27 15:34:32,597 INFO o.a.j.t.JMeterThread: Thread is done: Lab 2 Traffic 1-205
2026-04-27 15:34:32,597 INFO o.a.j.t.JMeterThread: Thread finished: Lab 2 Traffic 1-205
2026-04-27 15:34:32,643 INFO o.a.j.t.JMeterThread: Thread is done: Lab 2 Traffic 1-209
2026-04-27 15:34:32,643 INFO o.a.j.t.JMeterThread: Thread finished: Lab 2 Traffic 1-209
2026-04-27 15:34:32,649 INFO o.a.j.t.JMeterThread: Thread is done: Lab 2 Traffic 1-210
2026-04-27 15:34:32,649 INFO o.a.j.t.JMeterThread: Thread finished: Lab 2 Traffic 1-210
2026-04-27 15:34:32,702 INFO o.a.j.t.JMeterThread: Thread started: Lab 2 Traffic 1-384
2026-04-27 15:34:32,733 INFO o.a.j.t.JMeterThread: Thread is done: Lab 2 Traffic 1-211
2026-04-27 15:34:32,733 INFO o.a.j.t.JMeterThread: Thread finished: Lab 2 Traffic 1-211
2026-04-27 15:34:32,791 INFO o.a.j.t.JMeterThread: Thread is done: Lab 2 Traffic 1-212
2026-04-27 15:34:32,791 INFO o.a.j.t.JMeterThread: Thread is done: Lab 2 Traffic 1-214
2026-04-27 15:34:32,792 INFO o.a.j.t.JMeterThread: Thread finished: Lab 2 Traffic 1-212
2026-04-27 15:34:32,792 INFO o.a.j.t.JMeterThread: Thread finished: Lab 2 Traffic 1-214
2026-04-27 15:34:32,818 INFO o.a.j.t.JMeterThread: Thread started: Lab 2 Traffic 1-385
2026-04-27 15:34:32,941 INFO o.a.j.t.JMeterThread: Thread started: Lab 2 Traffic 1-386
2026-04-27 15:34:33,060 INFO o.a.j.t.JMeterThread: Thread started: Lab 2 Traffic 1-387
2026-04-27 15:34:33,178 INFO o.a.j.t.JMeterThread: Thread started: Lab 2 Traffic 1-388
2026-04-27 15:34:33,302 INFO o.a.j.t.JMeterThread: Thread started: Lab 2 Traffic 1-389
2026-04-27 15:34:33,340 INFO o.a.j.t.JMeterThread: Thread is done: Lab 2 Traffic 1-216
2026-04-27 15:34:33,340 INFO o.a.j.t.JMeterThread: Thread finished: Lab 2 Traffic 1-216
2026-04-27 15:34:33,395 INFO o.a.j.t.JMeterThread: Thread is done: Lab 2 Traffic 1-213
2026-04-27 15:34:33,395 INFO o.a.j.t.JMeterThread: Thread finished: Lab 2 Traffic 1-213
2026-04-27 15:34:33,419 INFO o.a.j.t.JMeterThread: Thread started: Lab 2 Traffic 1-390
2026-04-27 15:34:33,539 INFO o.a.j.t.JMeterThread: Thread started: Lab 2 Traffic 1-391
2026-04-27 15:34:33,660 INFO o.a.j.t.JMeterThread: Thread started: Lab 2 Traffic 1-392
2026-04-27 15:34:33,780 INFO o.a.j.t.JMeterThread: Thread started: Lab 2 Traffic 1-393
2026-04-27 15:34:33,855 INFO o.a.j.t.JMeterThread: Thread is done: Lab 2 Traffic 1-217
2026-04-27 15:34:33,855 INFO o.a.j.t.JMeterThread: Thread finished: Lab 2 Traffic 1-217
2026-04-27 15:34:33,901 INFO o.a.j.t.JMeterThread: Thread started: Lab 2 Traffic 1-394
2026-04-27 15:34:34,019 INFO o.a.j.t.JMeterThread: Thread started: Lab 2 Traffic 1-395
2026-04-27 15:34:34,141 INFO o.a.j.t.JMeterThread: Thread started: Lab 2 Traffic 1-396
2026-04-27 15:34:34,225 INFO o.a.j.t.JMeterThread: Thread is done: Lab 2 Traffic 1-219
2026-04-27 15:34:34,225 INFO o.a.j.t.JMeterThread: Thread finished: Lab 2 Traffic 1-219
2026-04-27 15:34:34,262 INFO o.a.j.t.JMeterThread: Thread started: Lab 2 Traffic 1-397
2026-04-27 15:34:34,273 INFO o.a.j.t.JMeterThread: Thread is done: Lab 2 Traffic 1-220
2026-04-27 15:34:34,273 INFO o.a.j.t.JMeterThread: Thread finished: Lab 2 Traffic 1-220
2026-04-27 15:34:34,308 INFO o.a.j.t.JMeterThread: Thread is done: Lab 2 Traffic 1-218
2026-04-27 15:34:34,308 INFO o.a.j.t.JMeterThread: Thread finished: Lab 2 Traffic 1-218
2026-04-27 15:34:34,382 INFO o.a.j.t.JMeterThread: Thread started: Lab 2 Traffic 1-398
2026-04-27 15:34:34,501 INFO o.a.j.t.JMeterThread: Thread started: Lab 2 Traffic 1-399
2026-04-27 15:34:34,620 INFO o.a.j.t.JMeterThread: Thread started: Lab 2 Traffic 1-400
2026-04-27 15:34:34,639 INFO o.a.j.t.JMeterThread: Thread is done: Lab 2 Traffic 1-222
2026-04-27 15:34:34,640 INFO o.a.j.t.JMeterThread: Thread finished: Lab 2 Traffic 1-222
2026-04-27 15:34:34,741 INFO o.a.j.t.JMeterThread: Thread started: Lab 2 Traffic 1-401
2026-04-27 15:34:34,742 INFO o.a.j.t.JMeterThread: Thread is done: Lab 2 Traffic 1-223
2026-04-27 15:34:34,742 INFO o.a.j.t.JMeterThread: Thread finished: Lab 2 Traffic 1-223
2026-04-27 15:34:34,771 INFO o.a.j.t.JMeterThread: Thread is done: Lab 2 Traffic 1-240
2026-04-27 15:34:34,771 INFO o.a.j.t.JMeterThread: Thread finished: Lab 2 Traffic 1-240
2026-04-27 15:34:34,773 INFO o.a.j.t.JMeterThread: Thread is done: Lab 2 Traffic 1-221
2026-04-27 15:34:34,774 INFO o.a.j.t.JMeterThread: Thread finished: Lab 2 Traffic 1-221
2026-04-27 15:34:34,793 INFO o.a.j.t.JMeterThread: Thread is done: Lab 2 Traffic 1-224
2026-04-27 15:34:34,793 INFO o.a.j.t.JMeterThread: Thread finished: Lab 2 Traffic 1-224
2026-04-27 15:34:34,829 INFO o.a.j.t.JMeterThread: Thread is done: Lab 2 Traffic 1-226
2026-04-27 15:34:34,829 INFO o.a.j.t.JMeterThread: Thread finished: Lab 2 Traffic 1-226
2026-04-27 15:34:34,859 INFO o.a.j.t.JMeterThread: Thread started: Lab 2 Traffic 1-402
2026-04-27 15:34:34,864 INFO o.a.j.t.JMeterThread: Thread is done: Lab 2 Traffic 1-225
2026-04-27 15:34:34,864 INFO o.a.j.t.JMeterThread: Thread finished: Lab 2 Traffic 1-225
2026-04-27 15:34:34,903 INFO o.a.j.t.JMeterThread: Thread is done: Lab 2 Traffic 1-228
2026-04-27 15:34:34,903 INFO o.a.j.t.JMeterThread: Thread finished: Lab 2 Traffic 1-228
2026-04-27 15:34:34,916 INFO o.a.j.t.JMeterThread: Thread is done: Lab 2 Traffic 1-227
2026-04-27 15:34:34,916 INFO o.a.j.t.JMeterThread: Thread finished: Lab 2 Traffic 1-227
2026-04-27 15:34:34,981 INFO o.a.j.t.JMeterThread: Thread started: Lab 2 Traffic 1-403
2026-04-27 15:34:35,098 INFO o.a.j.t.JMeterThread: Thread started: Lab 2 Traffic 1-404
2026-04-27 15:34:35,222 INFO o.a.j.t.JMeterThread: Thread started: Lab 2 Traffic 1-405
2026-04-27 15:34:35,299 INFO o.a.j.t.JMeterThread: Thread is done: Lab 2 Traffic 1-229
2026-04-27 15:34:35,299 INFO o.a.j.t.JMeterThread: Thread finished: Lab 2 Traffic 1-229
2026-04-27 15:34:35,306 INFO o.a.j.t.JMeterThread: Thread is done: Lab 2 Traffic 1-233
2026-04-27 15:34:35,306 INFO o.a.j.t.JMeterThread: Thread finished: Lab 2 Traffic 1-233
2026-04-27 15:34:35,312 INFO o.a.j.t.JMeterThread: Thread is done: Lab 2 Traffic 1-232
2026-04-27 15:34:35,312 INFO o.a.j.t.JMeterThread: Thread finished: Lab 2 Traffic 1-232
2026-04-27 15:34:35,314 INFO o.a.j.t.JMeterThread: Thread is done: Lab 2 Traffic 1-231
2026-04-27 15:34:35,314 INFO o.a.j.t.JMeterThread: Thread finished: Lab 2 Traffic 1-231
2026-04-27 15:34:35,339 INFO o.a.j.t.JMeterThread: Thread started: Lab 2 Traffic 1-406
2026-04-27 15:34:35,390 INFO o.a.j.t.JMeterThread: Thread is done: Lab 2 Traffic 1-236
2026-04-27 15:34:35,390 INFO o.a.j.t.JMeterThread: Thread finished: Lab 2 Traffic 1-236
2026-04-27 15:34:35,402 INFO o.a.j.t.JMeterThread: Thread is done: Lab 2 Traffic 1-230
2026-04-27 15:34:35,402 INFO o.a.j.t.JMeterThread: Thread finished: Lab 2 Traffic 1-230
2026-04-27 15:34:35,462 INFO o.a.j.t.JMeterThread: Thread started: Lab 2 Traffic 1-407
2026-04-27 15:34:35,577 INFO o.a.j.t.JMeterThread: Thread started: Lab 2 Traffic 1-408
2026-04-27 15:34:35,696 INFO o.a.j.t.JMeterThread: Thread started: Lab 2 Traffic 1-409
2026-04-27 15:34:35,713 INFO o.a.j.t.JMeterThread: Thread is done: Lab 2 Traffic 1-234
2026-04-27 15:34:35,713 INFO o.a.j.t.JMeterThread: Thread finished: Lab 2 Traffic 1-234
2026-04-27 15:34:35,821 INFO o.a.j.t.JMeterThread: Thread started: Lab 2 Traffic 1-410
2026-04-27 15:34:35,892 INFO o.a.j.t.JMeterThread: Thread is done: Lab 2 Traffic 1-235
2026-04-27 15:34:35,892 INFO o.a.j.t.JMeterThread: Thread finished: Lab 2 Traffic 1-235
2026-04-27 15:34:35,938 INFO o.a.j.t.JMeterThread: Thread started: Lab 2 Traffic 1-411
2026-04-27 15:34:35,997 INFO o.a.j.t.JMeterThread: Thread is done: Lab 2 Traffic 1-237
2026-04-27 15:34:35,997 INFO o.a.j.t.JMeterThread: Thread finished: Lab 2 Traffic 1-237
2026-04-27 15:34:36,060 INFO o.a.j.t.JMeterThread: Thread started: Lab 2 Traffic 1-412
2026-04-27 15:34:36,181 INFO o.a.j.t.JMeterThread: Thread started: Lab 2 Traffic 1-413
2026-04-27 15:34:36,267 INFO o.a.j.t.JMeterThread: Thread is done: Lab 2 Traffic 1-238
2026-04-27 15:34:36,267 INFO o.a.j.t.JMeterThread: Thread finished: Lab 2 Traffic 1-238
2026-04-27 15:34:36,301 INFO o.a.j.t.JMeterThread: Thread started: Lab 2 Traffic 1-414
2026-04-27 15:34:36,325 INFO o.a.j.t.JMeterThread: Thread is done: Lab 2 Traffic 1-241
2026-04-27 15:34:36,325 INFO o.a.j.t.JMeterThread: Thread finished: Lab 2 Traffic 1-241
2026-04-27 15:34:36,401 INFO o.a.j.t.JMeterThread: Thread is done: Lab 2 Traffic 1-239
2026-04-27 15:34:36,401 INFO o.a.j.t.JMeterThread: Thread finished: Lab 2 Traffic 1-239
2026-04-27 15:34:36,420 INFO o.a.j.t.JMeterThread: Thread started: Lab 2 Traffic 1-415
2026-04-27 15:34:36,434 INFO o.a.j.t.JMeterThread: Thread is done: Lab 2 Traffic 1-246
2026-04-27 15:34:36,434 INFO o.a.j.t.JMeterThread: Thread finished: Lab 2 Traffic 1-246
2026-04-27 15:34:36,538 INFO o.a.j.t.JMeterThread: Thread started: Lab 2 Traffic 1-416
2026-04-27 15:34:36,658 INFO o.a.j.t.JMeterThread: Thread started: Lab 2 Traffic 1-417
2026-04-27 15:34:36,781 INFO o.a.j.t.JMeterThread: Thread started: Lab 2 Traffic 1-418
2026-04-27 15:34:36,897 INFO o.a.j.t.JMeterThread: Thread started: Lab 2 Traffic 1-419
2026-04-27 15:34:37,020 INFO o.a.j.t.JMeterThread: Thread started: Lab 2 Traffic 1-420
2026-04-27 15:34:37,100 INFO o.a.j.t.JMeterThread: Thread is done: Lab 2 Traffic 1-242
2026-04-27 15:34:37,100 INFO o.a.j.t.JMeterThread: Thread finished: Lab 2 Traffic 1-242
2026-04-27 15:34:37,138 INFO o.a.j.t.JMeterThread: Thread is done: Lab 2 Traffic 1-243
2026-04-27 15:34:37,138 INFO o.a.j.t.JMeterThread: Thread finished: Lab 2 Traffic 1-243
2026-04-27 15:34:37,139 INFO o.a.j.t.JMeterThread: Thread started: Lab 2 Traffic 1-421
2026-04-27 15:34:37,190 INFO o.a.j.t.JMeterThread: Thread is done: Lab 2 Traffic 1-251
2026-04-27 15:34:37,190 INFO o.a.j.t.JMeterThread: Thread finished: Lab 2 Traffic 1-251
2026-04-27 15:34:37,221 INFO o.a.j.t.JMeterThread: Thread is done: Lab 2 Traffic 1-247
2026-04-27 15:34:37,221 INFO o.a.j.t.JMeterThread: Thread finished: Lab 2 Traffic 1-247
2026-04-27 15:34:37,260 INFO o.a.j.t.JMeterThread: Thread started: Lab 2 Traffic 1-422
2026-04-27 15:34:37,381 INFO o.a.j.t.JMeterThread: Thread started: Lab 2 Traffic 1-423
2026-04-27 15:34:37,500 INFO o.a.j.t.JMeterThread: Thread started: Lab 2 Traffic 1-424
2026-04-27 15:34:37,621 INFO o.a.j.t.JMeterThread: Thread started: Lab 2 Traffic 1-425
2026-04-27 15:34:37,741 INFO o.a.j.t.JMeterThread: Thread started: Lab 2 Traffic 1-426
2026-04-27 15:34:37,861 INFO o.a.j.t.JMeterThread: Thread started: Lab 2 Traffic 1-427
2026-04-27 15:34:37,934 INFO o.a.j.t.JMeterThread: Thread is done: Lab 2 Traffic 1-244
2026-04-27 15:34:37,934 INFO o.a.j.t.JMeterThread: Thread finished: Lab 2 Traffic 1-244
2026-04-27 15:34:37,952 INFO o.a.j.t.JMeterThread: Thread is done: Lab 2 Traffic 1-245
2026-04-27 15:34:37,952 INFO o.a.j.t.JMeterThread: Thread finished: Lab 2 Traffic 1-245
2026-04-27 15:34:37,977 INFO o.a.j.t.JMeterThread: Thread started: Lab 2 Traffic 1-428
2026-04-27 15:34:38,007 INFO o.a.j.t.JMeterThread: Thread is done: Lab 2 Traffic 1-249
2026-04-27 15:34:38,007 INFO o.a.j.t.JMeterThread: Thread finished: Lab 2 Traffic 1-249
2026-04-27 15:34:38,099 INFO o.a.j.t.JMeterThread: Thread started: Lab 2 Traffic 1-429
2026-04-27 15:34:38,221 INFO o.a.j.t.JMeterThread: Thread started: Lab 2 Traffic 1-430
2026-04-27 15:34:38,340 INFO o.a.j.t.JMeterThread: Thread started: Lab 2 Traffic 1-431
2026-04-27 15:34:38,461 INFO o.a.j.t.JMeterThread: Thread started: Lab 2 Traffic 1-432
2026-04-27 15:34:38,581 INFO o.a.j.t.JMeterThread: Thread started: Lab 2 Traffic 1-433
2026-04-27 15:34:38,699 INFO o.a.j.t.JMeterThread: Thread started: Lab 2 Traffic 1-434
2026-04-27 15:34:38,820 INFO o.a.j.t.JMeterThread: Thread started: Lab 2 Traffic 1-435
2026-04-27 15:34:38,896 INFO o.a.j.t.JMeterThread: Thread is done: Lab 2 Traffic 1-252
2026-04-27 15:34:38,896 INFO o.a.j.t.JMeterThread: Thread finished: Lab 2 Traffic 1-252
2026-04-27 15:34:38,941 INFO o.a.j.t.JMeterThread: Thread started: Lab 2 Traffic 1-436
2026-04-27 15:34:38,981 INFO o.a.j.t.JMeterThread: Thread is done: Lab 2 Traffic 1-248
2026-04-27 15:34:38,981 INFO o.a.j.t.JMeterThread: Thread finished: Lab 2 Traffic 1-248
2026-04-27 15:34:39,059 INFO o.a.j.t.JMeterThread: Thread started: Lab 2 Traffic 1-437
2026-04-27 15:34:39,182 INFO o.a.j.t.JMeterThread: Thread started: Lab 2 Traffic 1-438
2026-04-27 15:34:39,298 INFO o.a.j.t.JMeterThread: Thread started: Lab 2 Traffic 1-439
2026-04-27 15:34:39,418 INFO o.a.j.t.JMeterThread: Thread started: Lab 2 Traffic 1-440
2026-04-27 15:34:39,539 INFO o.a.j.t.JMeterThread: Thread started: Lab 2 Traffic 1-441
2026-04-27 15:34:39,660 INFO o.a.j.t.JMeterThread: Thread started: Lab 2 Traffic 1-442
2026-04-27 15:34:39,777 INFO o.a.j.t.JMeterThread: Thread started: Lab 2 Traffic 1-443
2026-04-27 15:34:39,897 INFO o.a.j.t.JMeterThread: Thread started: Lab 2 Traffic 1-444
2026-04-27 15:34:40,017 INFO o.a.j.t.JMeterThread: Thread started: Lab 2 Traffic 1-445
2026-04-27 15:34:40,141 INFO o.a.j.t.JMeterThread: Thread started: Lab 2 Traffic 1-446
2026-04-27 15:34:40,262 INFO o.a.j.t.JMeterThread: Thread started: Lab 2 Traffic 1-447
2026-04-27 15:34:40,339 INFO o.a.j.t.JMeterThread: Thread is done: Lab 2 Traffic 1-250
2026-04-27 15:34:40,339 INFO o.a.j.t.JMeterThread: Thread finished: Lab 2 Traffic 1-250
2026-04-27 15:34:40,380 INFO o.a.j.t.JMeterThread: Thread started: Lab 2 Traffic 1-448
2026-04-27 15:34:40,502 INFO o.a.j.t.JMeterThread: Thread started: Lab 2 Traffic 1-449
2026-04-27 15:34:40,544 INFO o.a.j.t.JMeterThread: Thread is done: Lab 2 Traffic 1-253
2026-04-27 15:34:40,544 INFO o.a.j.t.JMeterThread: Thread finished: Lab 2 Traffic 1-253
2026-04-27 15:34:40,589 INFO o.a.j.t.JMeterThread: Thread is done: Lab 2 Traffic 1-256
2026-04-27 15:34:40,589 INFO o.a.j.t.JMeterThread: Thread finished: Lab 2 Traffic 1-256
2026-04-27 15:34:40,590 INFO o.a.j.t.JMeterThread: Thread is done: Lab 2 Traffic 1-254
2026-04-27 15:34:40,590 INFO o.a.j.t.JMeterThread: Thread finished: Lab 2 Traffic 1-254
2026-04-27 15:34:40,618 INFO o.a.j.t.JMeterThread: Thread started: Lab 2 Traffic 1-450
2026-04-27 15:34:40,624 INFO o.a.j.t.JMeterThread: Thread is done: Lab 2 Traffic 1-257
2026-04-27 15:34:40,624 INFO o.a.j.t.JMeterThread: Thread finished: Lab 2 Traffic 1-257
2026-04-27 15:34:40,741 INFO o.a.j.t.JMeterThread: Thread started: Lab 2 Traffic 1-451
2026-04-27 15:34:40,843 INFO o.a.j.t.JMeterThread: Thread is done: Lab 2 Traffic 1-255
2026-04-27 15:34:40,843 INFO o.a.j.t.JMeterThread: Thread finished: Lab 2 Traffic 1-255
2026-04-27 15:34:40,859 INFO o.a.j.t.JMeterThread: Thread started: Lab 2 Traffic 1-452
2026-04-27 15:34:40,981 INFO o.a.j.t.JMeterThread: Thread started: Lab 2 Traffic 1-453
2026-04-27 15:34:41,096 INFO o.a.j.t.JMeterThread: Thread started: Lab 2 Traffic 1-454
2026-04-27 15:34:41,220 INFO o.a.j.t.JMeterThread: Thread started: Lab 2 Traffic 1-455
2026-04-27 15:34:41,337 INFO o.a.j.t.JMeterThread: Thread started: Lab 2 Traffic 1-456
2026-04-27 15:34:41,461 INFO o.a.j.t.JMeterThread: Thread started: Lab 2 Traffic 1-457
2026-04-27 15:34:41,580 INFO o.a.j.t.JMeterThread: Thread started: Lab 2 Traffic 1-458
2026-04-27 15:34:41,701 INFO o.a.j.t.JMeterThread: Thread started: Lab 2 Traffic 1-459
2026-04-27 15:34:41,822 INFO o.a.j.t.JMeterThread: Thread started: Lab 2 Traffic 1-460
2026-04-27 15:34:41,940 INFO o.a.j.t.JMeterThread: Thread started: Lab 2 Traffic 1-461
2026-04-27 15:34:42,061 INFO o.a.j.t.JMeterThread: Thread started: Lab 2 Traffic 1-462
2026-04-27 15:34:42,176 INFO o.a.j.t.JMeterThread: Thread started: Lab 2 Traffic 1-463
2026-04-27 15:34:42,299 INFO o.a.j.t.JMeterThread: Thread started: Lab 2 Traffic 1-464
2026-04-27 15:34:42,421 INFO o.a.j.t.JMeterThread: Thread started: Lab 2 Traffic 1-465
2026-04-27 15:34:42,458 INFO o.a.j.t.JMeterThread: Thread is done: Lab 2 Traffic 1-258
2026-04-27 15:34:42,458 INFO o.a.j.t.JMeterThread: Thread finished: Lab 2 Traffic 1-258
2026-04-27 15:34:42,539 INFO o.a.j.t.JMeterThread: Thread started: Lab 2 Traffic 1-466
2026-04-27 15:34:42,656 INFO o.a.j.t.JMeterThread: Thread started: Lab 2 Traffic 1-467
2026-04-27 15:34:42,776 INFO o.a.j.t.JMeterThread: Thread started: Lab 2 Traffic 1-468
2026-04-27 15:34:42,839 INFO o.a.j.t.JMeterThread: Thread is done: Lab 2 Traffic 1-262
2026-04-27 15:34:42,839 INFO o.a.j.t.JMeterThread: Thread finished: Lab 2 Traffic 1-262
2026-04-27 15:34:42,899 INFO o.a.j.t.JMeterThread: Thread started: Lab 2 Traffic 1-469
2026-04-27 15:34:43,019 INFO o.a.j.t.JMeterThread: Thread started: Lab 2 Traffic 1-470
2026-04-27 15:34:43,140 INFO o.a.j.t.JMeterThread: Thread started: Lab 2 Traffic 1-471
2026-04-27 15:34:43,262 INFO o.a.j.t.JMeterThread: Thread started: Lab 2 Traffic 1-472
2026-04-27 15:34:43,382 INFO o.a.j.t.JMeterThread: Thread started: Lab 2 Traffic 1-473
2026-04-27 15:34:43,501 INFO o.a.j.t.JMeterThread: Thread started: Lab 2 Traffic 1-474
2026-04-27 15:34:43,554 INFO o.a.j.t.JMeterThread: Thread is done: Lab 2 Traffic 1-261
2026-04-27 15:34:43,554 INFO o.a.j.t.JMeterThread: Thread finished: Lab 2 Traffic 1-261
2026-04-27 15:34:43,585 INFO o.a.j.t.JMeterThread: Thread is done: Lab 2 Traffic 1-259
2026-04-27 15:34:43,585 INFO o.a.j.t.JMeterThread: Thread finished: Lab 2 Traffic 1-259
2026-04-27 15:34:43,621 INFO o.a.j.t.JMeterThread: Thread started: Lab 2 Traffic 1-475
2026-04-27 15:34:43,635 INFO o.a.j.t.JMeterThread: Thread is done: Lab 2 Traffic 1-260
2026-04-27 15:34:43,635 INFO o.a.j.t.JMeterThread: Thread finished: Lab 2 Traffic 1-260
2026-04-27 15:34:43,739 INFO o.a.j.t.JMeterThread: Thread started: Lab 2 Traffic 1-476
2026-04-27 15:34:43,861 INFO o.a.j.t.JMeterThread: Thread started: Lab 2 Traffic 1-477
2026-04-27 15:34:43,978 INFO o.a.j.t.JMeterThread: Thread started: Lab 2 Traffic 1-478
2026-04-27 15:34:44,101 INFO o.a.j.t.JMeterThread: Thread started: Lab 2 Traffic 1-479
2026-04-27 15:34:44,219 INFO o.a.j.t.JMeterThread: Thread started: Lab 2 Traffic 1-480
2026-04-27 15:34:44,339 INFO o.a.j.t.JMeterThread: Thread started: Lab 2 Traffic 1-481
2026-04-27 15:34:44,451 INFO o.a.j.t.JMeterThread: Thread is done: Lab 2 Traffic 1-264
2026-04-27 15:34:44,451 INFO o.a.j.t.JMeterThread: Thread finished: Lab 2 Traffic 1-264
2026-04-27 15:34:44,461 INFO o.a.j.t.JMeterThread: Thread started: Lab 2 Traffic 1-482
2026-04-27 15:34:44,581 INFO o.a.j.t.JMeterThread: Thread started: Lab 2 Traffic 1-483
2026-04-27 15:34:44,635 INFO o.a.j.t.JMeterThread: Thread is done: Lab 2 Traffic 1-263
2026-04-27 15:34:44,635 INFO o.a.j.t.JMeterThread: Thread finished: Lab 2 Traffic 1-263
2026-04-27 15:34:44,702 INFO o.a.j.t.JMeterThread: Thread started: Lab 2 Traffic 1-484
2026-04-27 15:34:44,817 INFO o.a.j.t.JMeterThread: Thread started: Lab 2 Traffic 1-485
2026-04-27 15:34:44,936 INFO o.a.j.t.JMeterThread: Thread started: Lab 2 Traffic 1-486
2026-04-27 15:34:45,062 INFO o.a.j.t.JMeterThread: Thread started: Lab 2 Traffic 1-487
2026-04-27 15:34:45,178 INFO o.a.j.t.JMeterThread: Thread started: Lab 2 Traffic 1-488
2026-04-27 15:34:45,298 INFO o.a.j.t.JMeterThread: Thread started: Lab 2 Traffic 1-489
2026-04-27 15:34:45,420 INFO o.a.j.t.JMeterThread: Thread started: Lab 2 Traffic 1-490
2026-04-27 15:34:45,538 INFO o.a.j.t.JMeterThread: Thread started: Lab 2 Traffic 1-491
2026-04-27 15:34:45,657 INFO o.a.j.t.JMeterThread: Thread started: Lab 2 Traffic 1-492
2026-04-27 15:34:45,776 INFO o.a.j.t.JMeterThread: Thread started: Lab 2 Traffic 1-493
2026-04-27 15:34:45,833 INFO o.a.j.t.JMeterThread: Thread is done: Lab 2 Traffic 1-266
2026-04-27 15:34:45,833 INFO o.a.j.t.JMeterThread: Thread finished: Lab 2 Traffic 1-266
2026-04-27 15:34:45,896 INFO o.a.j.t.JMeterThread: Thread started: Lab 2 Traffic 1-494
2026-04-27 15:34:45,904 INFO o.a.j.t.JMeterThread: Thread is done: Lab 2 Traffic 1-267
2026-04-27 15:34:45,904 INFO o.a.j.t.JMeterThread: Thread is done: Lab 2 Traffic 1-268
2026-04-27 15:34:45,904 INFO o.a.j.t.JMeterThread: Thread finished: Lab 2 Traffic 1-268
2026-04-27 15:34:45,904 INFO o.a.j.t.JMeterThread: Thread finished: Lab 2 Traffic 1-267
2026-04-27 15:34:46,019 INFO o.a.j.t.JMeterThread: Thread started: Lab 2 Traffic 1-495
2026-04-27 15:34:46,138 INFO o.a.j.t.JMeterThread: Thread started: Lab 2 Traffic 1-496
2026-04-27 15:34:46,223 INFO o.a.j.t.JMeterThread: Thread is done: Lab 2 Traffic 1-265
2026-04-27 15:34:46,223 INFO o.a.j.t.JMeterThread: Thread finished: Lab 2 Traffic 1-265
2026-04-27 15:34:46,251 INFO o.a.j.t.JMeterThread: Thread is done: Lab 2 Traffic 1-271
2026-04-27 15:34:46,251 INFO o.a.j.t.JMeterThread: Thread finished: Lab 2 Traffic 1-271
2026-04-27 15:34:46,261 INFO o.a.j.t.JMeterThread: Thread started: Lab 2 Traffic 1-497
2026-04-27 15:34:46,382 INFO o.a.j.t.JMeterThread: Thread started: Lab 2 Traffic 1-498
2026-04-27 15:34:46,499 INFO o.a.j.t.JMeterThread: Thread started: Lab 2 Traffic 1-499
2026-04-27 15:34:46,620 INFO o.a.j.t.JMeterThread: Thread started: Lab 2 Traffic 1-500
2026-04-27 15:34:47,000 INFO o.a.j.t.JMeterThread: Thread is done: Lab 2 Traffic 1-272
2026-04-27 15:34:47,000 INFO o.a.j.t.JMeterThread: Thread finished: Lab 2 Traffic 1-272
2026-04-27 15:34:47,074 INFO o.a.j.t.JMeterThread: Thread is done: Lab 2 Traffic 1-270
2026-04-27 15:34:47,074 INFO o.a.j.t.JMeterThread: Thread is done: Lab 2 Traffic 1-275
2026-04-27 15:34:47,074 INFO o.a.j.t.JMeterThread: Thread finished: Lab 2 Traffic 1-270
2026-04-27 15:34:47,074 INFO o.a.j.t.JMeterThread: Thread finished: Lab 2 Traffic 1-275
2026-04-27 15:34:47,108 INFO o.a.j.t.JMeterThread: Thread is done: Lab 2 Traffic 1-273
2026-04-27 15:34:47,108 INFO o.a.j.t.JMeterThread: Thread finished: Lab 2 Traffic 1-273
2026-04-27 15:34:47,160 INFO o.a.j.t.JMeterThread: Thread is done: Lab 2 Traffic 1-269
2026-04-27 15:34:47,160 INFO o.a.j.t.JMeterThread: Thread finished: Lab 2 Traffic 1-269
2026-04-27 15:34:47,212 INFO o.a.j.t.JMeterThread: Thread is done: Lab 2 Traffic 1-274
2026-04-27 15:34:47,212 INFO o.a.j.t.JMeterThread: Thread finished: Lab 2 Traffic 1-274
2026-04-27 15:34:47,382 INFO o.a.j.t.JMeterThread: Thread is done: Lab 2 Traffic 1-278
2026-04-27 15:34:47,382 INFO o.a.j.t.JMeterThread: Thread finished: Lab 2 Traffic 1-278
2026-04-27 15:34:47,406 INFO o.a.j.t.JMeterThread: Thread is done: Lab 2 Traffic 1-277
2026-04-27 15:34:47,406 INFO o.a.j.t.JMeterThread: Thread finished: Lab 2 Traffic 1-277
2026-04-27 15:34:47,475 INFO o.a.j.t.JMeterThread: Thread is done: Lab 2 Traffic 1-276
2026-04-27 15:34:47,475 INFO o.a.j.t.JMeterThread: Thread finished: Lab 2 Traffic 1-276
2026-04-27 15:34:47,477 INFO o.a.j.t.JMeterThread: Thread is done: Lab 2 Traffic 1-279
2026-04-27 15:34:47,477 INFO o.a.j.t.JMeterThread: Thread finished: Lab 2 Traffic 1-279
2026-04-27 15:34:48,034 INFO o.a.j.t.JMeterThread: Thread is done: Lab 2 Traffic 1-280
2026-04-27 15:34:48,034 INFO o.a.j.t.JMeterThread: Thread finished: Lab 2 Traffic 1-280
2026-04-27 15:34:48,043 INFO o.a.j.t.JMeterThread: Thread is done: Lab 2 Traffic 1-286
2026-04-27 15:34:48,043 INFO o.a.j.t.JMeterThread: Thread finished: Lab 2 Traffic 1-286
2026-04-27 15:34:48,043 INFO o.a.j.t.JMeterThread: Thread is done: Lab 2 Traffic 1-281
2026-04-27 15:34:48,043 INFO o.a.j.t.JMeterThread: Thread finished: Lab 2 Traffic 1-281
2026-04-27 15:34:48,097 INFO o.a.j.t.JMeterThread: Thread is done: Lab 2 Traffic 1-289
2026-04-27 15:34:48,097 INFO o.a.j.t.JMeterThread: Thread finished: Lab 2 Traffic 1-289
2026-04-27 15:34:48,620 INFO o.a.j.t.JMeterThread: Thread is done: Lab 2 Traffic 1-285
2026-04-27 15:34:48,620 INFO o.a.j.t.JMeterThread: Thread finished: Lab 2 Traffic 1-285
2026-04-27 15:34:48,641 INFO o.a.j.t.JMeterThread: Thread is done: Lab 2 Traffic 1-288
2026-04-27 15:34:48,641 INFO o.a.j.t.JMeterThread: Thread finished: Lab 2 Traffic 1-288
2026-04-27 15:34:48,646 INFO o.a.j.t.JMeterThread: Thread is done: Lab 2 Traffic 1-291
2026-04-27 15:34:48,646 INFO o.a.j.t.JMeterThread: Thread finished: Lab 2 Traffic 1-291
2026-04-27 15:34:48,689 INFO o.a.j.t.JMeterThread: Thread is done: Lab 2 Traffic 1-282
2026-04-27 15:34:48,691 INFO o.a.j.t.JMeterThread: Thread finished: Lab 2 Traffic 1-282
2026-04-27 15:34:48,709 INFO o.a.j.t.JMeterThread: Thread is done: Lab 2 Traffic 1-283
2026-04-27 15:34:48,709 INFO o.a.j.t.JMeterThread: Thread finished: Lab 2 Traffic 1-283
2026-04-27 15:34:48,745 INFO o.a.j.t.JMeterThread: Thread is done: Lab 2 Traffic 1-284
2026-04-27 15:34:48,746 INFO o.a.j.t.JMeterThread: Thread finished: Lab 2 Traffic 1-284
2026-04-27 15:34:48,882 INFO o.a.j.t.JMeterThread: Thread is done: Lab 2 Traffic 1-287
2026-04-27 15:34:48,882 INFO o.a.j.t.JMeterThread: Thread finished: Lab 2 Traffic 1-287
2026-04-27 15:34:48,948 INFO o.a.j.t.JMeterThread: Thread is done: Lab 2 Traffic 1-290
2026-04-27 15:34:48,948 INFO o.a.j.t.JMeterThread: Thread finished: Lab 2 Traffic 1-290
2026-04-27 15:34:48,949 INFO o.a.j.t.JMeterThread: Thread is done: Lab 2 Traffic 1-293
2026-04-27 15:34:48,949 INFO o.a.j.t.JMeterThread: Thread finished: Lab 2 Traffic 1-293
2026-04-27 15:34:49,113 INFO o.a.j.t.JMeterThread: Thread is done: Lab 2 Traffic 1-294
2026-04-27 15:34:49,113 INFO o.a.j.t.JMeterThread: Thread finished: Lab 2 Traffic 1-294
2026-04-27 15:34:49,819 INFO o.a.j.t.JMeterThread: Thread is done: Lab 2 Traffic 1-292
2026-04-27 15:34:49,819 INFO o.a.j.t.JMeterThread: Thread finished: Lab 2 Traffic 1-292
2026-04-27 15:34:50,378 INFO o.a.j.t.JMeterThread: Thread is done: Lab 2 Traffic 1-296
2026-04-27 15:34:50,378 INFO o.a.j.t.JMeterThread: Thread finished: Lab 2 Traffic 1-296
2026-04-27 15:34:50,386 INFO o.a.j.t.JMeterThread: Thread is done: Lab 2 Traffic 1-295
2026-04-27 15:34:50,387 INFO o.a.j.t.JMeterThread: Thread finished: Lab 2 Traffic 1-295
2026-04-27 15:34:50,431 INFO o.a.j.t.JMeterThread: Thread is done: Lab 2 Traffic 1-299
2026-04-27 15:34:50,431 INFO o.a.j.t.JMeterThread: Thread finished: Lab 2 Traffic 1-299
2026-04-27 15:34:50,672 INFO o.a.j.t.JMeterThread: Thread is done: Lab 2 Traffic 1-297
2026-04-27 15:34:50,673 INFO o.a.j.t.JMeterThread: Thread finished: Lab 2 Traffic 1-297
2026-04-27 15:34:50,868 INFO o.a.j.t.JMeterThread: Thread is done: Lab 2 Traffic 1-301
2026-04-27 15:34:50,868 INFO o.a.j.t.JMeterThread: Thread finished: Lab 2 Traffic 1-301
2026-04-27 15:34:50,900 INFO o.a.j.t.JMeterThread: Thread is done: Lab 2 Traffic 1-300
2026-04-27 15:34:50,900 INFO o.a.j.t.JMeterThread: Thread finished: Lab 2 Traffic 1-300
2026-04-27 15:34:50,917 INFO o.a.j.t.JMeterThread: Thread is done: Lab 2 Traffic 1-298
2026-04-27 15:34:50,917 INFO o.a.j.t.JMeterThread: Thread finished: Lab 2 Traffic 1-298
2026-04-27 15:34:50,990 INFO o.a.j.t.JMeterThread: Thread is done: Lab 2 Traffic 1-302
2026-04-27 15:34:50,990 INFO o.a.j.t.JMeterThread: Thread finished: Lab 2 Traffic 1-302
2026-04-27 15:34:51,065 INFO o.a.j.t.JMeterThread: Thread is done: Lab 2 Traffic 1-304
2026-04-27 15:34:51,065 INFO o.a.j.t.JMeterThread: Thread finished: Lab 2 Traffic 1-304
2026-04-27 15:34:51,086 INFO o.a.j.t.JMeterThread: Thread is done: Lab 2 Traffic 1-309
2026-04-27 15:34:51,086 INFO o.a.j.t.JMeterThread: Thread finished: Lab 2 Traffic 1-309
2026-04-27 15:34:51,181 INFO o.a.j.t.JMeterThread: Thread is done: Lab 2 Traffic 1-303
2026-04-27 15:34:51,181 INFO o.a.j.t.JMeterThread: Thread finished: Lab 2 Traffic 1-303
2026-04-27 15:34:51,268 INFO o.a.j.t.JMeterThread: Thread is done: Lab 2 Traffic 1-305
2026-04-27 15:34:51,268 INFO o.a.j.t.JMeterThread: Thread finished: Lab 2 Traffic 1-305
2026-04-27 15:34:51,457 INFO o.a.j.t.JMeterThread: Thread is done: Lab 2 Traffic 1-308
2026-04-27 15:34:51,457 INFO o.a.j.t.JMeterThread: Thread finished: Lab 2 Traffic 1-308
2026-04-27 15:34:51,482 INFO o.a.j.t.JMeterThread: Thread is done: Lab 2 Traffic 1-307
2026-04-27 15:34:51,482 INFO o.a.j.t.JMeterThread: Thread finished: Lab 2 Traffic 1-307
2026-04-27 15:34:51,588 INFO o.a.j.t.JMeterThread: Thread is done: Lab 2 Traffic 1-306
2026-04-27 15:34:51,588 INFO o.a.j.t.JMeterThread: Thread finished: Lab 2 Traffic 1-306
2026-04-27 15:34:51,602 INFO o.a.j.t.JMeterThread: Thread is done: Lab 2 Traffic 1-310
2026-04-27 15:34:51,602 INFO o.a.j.t.JMeterThread: Thread finished: Lab 2 Traffic 1-310
2026-04-27 15:34:51,609 INFO o.a.j.t.JMeterThread: Thread is done: Lab 2 Traffic 1-311
2026-04-27 15:34:51,609 INFO o.a.j.t.JMeterThread: Thread finished: Lab 2 Traffic 1-311
2026-04-27 15:34:51,674 INFO o.a.j.t.JMeterThread: Thread is done: Lab 2 Traffic 1-312
2026-04-27 15:34:51,675 INFO o.a.j.t.JMeterThread: Thread finished: Lab 2 Traffic 1-312
2026-04-27 15:34:51,700 INFO o.a.j.t.JMeterThread: Thread is done: Lab 2 Traffic 1-315
2026-04-27 15:34:51,700 INFO o.a.j.t.JMeterThread: Thread finished: Lab 2 Traffic 1-315
2026-04-27 15:34:52,458 INFO o.a.j.t.JMeterThread: Thread is done: Lab 2 Traffic 1-316
2026-04-27 15:34:52,458 INFO o.a.j.t.JMeterThread: Thread finished: Lab 2 Traffic 1-316
2026-04-27 15:34:52,517 INFO o.a.j.t.JMeterThread: Thread is done: Lab 2 Traffic 1-313
2026-04-27 15:34:52,518 INFO o.a.j.t.JMeterThread: Thread finished: Lab 2 Traffic 1-313
2026-04-27 15:34:52,605 INFO o.a.j.t.JMeterThread: Thread is done: Lab 2 Traffic 1-314
2026-04-27 15:34:52,605 INFO o.a.j.t.JMeterThread: Thread finished: Lab 2 Traffic 1-314
2026-04-27 15:34:52,609 INFO o.a.j.t.JMeterThread: Thread is done: Lab 2 Traffic 1-317
2026-04-27 15:34:52,609 INFO o.a.j.t.JMeterThread: Thread finished: Lab 2 Traffic 1-317
2026-04-27 15:34:52,665 INFO o.a.j.t.JMeterThread: Thread is done: Lab 2 Traffic 1-322
2026-04-27 15:34:52,665 INFO o.a.j.t.JMeterThread: Thread finished: Lab 2 Traffic 1-322
2026-04-27 15:34:52,725 INFO o.a.j.t.JMeterThread: Thread is done: Lab 2 Traffic 1-319
2026-04-27 15:34:52,725 INFO o.a.j.t.JMeterThread: Thread finished: Lab 2 Traffic 1-319
2026-04-27 15:34:53,323 INFO o.a.j.t.JMeterThread: Thread is done: Lab 2 Traffic 1-320
2026-04-27 15:34:53,323 INFO o.a.j.t.JMeterThread: Thread finished: Lab 2 Traffic 1-320
2026-04-27 15:34:53,347 INFO o.a.j.t.JMeterThread: Thread is done: Lab 2 Traffic 1-318
2026-04-27 15:34:53,348 INFO o.a.j.t.JMeterThread: Thread finished: Lab 2 Traffic 1-318
2026-04-27 15:34:53,373 INFO o.a.j.t.JMeterThread: Thread is done: Lab 2 Traffic 1-324
2026-04-27 15:34:53,373 INFO o.a.j.t.JMeterThread: Thread finished: Lab 2 Traffic 1-324
2026-04-27 15:34:53,401 INFO o.a.j.t.JMeterThread: Thread is done: Lab 2 Traffic 1-323
2026-04-27 15:34:53,401 INFO o.a.j.t.JMeterThread: Thread finished: Lab 2 Traffic 1-323
2026-04-27 15:34:53,447 INFO o.a.j.t.JMeterThread: Thread is done: Lab 2 Traffic 1-321
2026-04-27 15:34:53,447 INFO o.a.j.t.JMeterThread: Thread finished: Lab 2 Traffic 1-321
2026-04-27 15:34:53,539 INFO o.a.j.t.JMeterThread: Thread is done: Lab 2 Traffic 1-327
2026-04-27 15:34:53,539 INFO o.a.j.t.JMeterThread: Thread finished: Lab 2 Traffic 1-327
2026-04-27 15:34:53,594 INFO o.a.j.t.JMeterThread: Thread is done: Lab 2 Traffic 1-326
2026-04-27 15:34:53,594 INFO o.a.j.t.JMeterThread: Thread finished: Lab 2 Traffic 1-326
2026-04-27 15:34:54,004 INFO o.a.j.t.JMeterThread: Thread is done: Lab 2 Traffic 1-325
2026-04-27 15:34:54,004 INFO o.a.j.t.JMeterThread: Thread finished: Lab 2 Traffic 1-325
2026-04-27 15:34:54,388 INFO o.a.j.t.JMeterThread: Thread is done: Lab 2 Traffic 1-330
2026-04-27 15:34:54,388 INFO o.a.j.t.JMeterThread: Thread finished: Lab 2 Traffic 1-330
2026-04-27 15:34:54,402 INFO o.a.j.t.JMeterThread: Thread is done: Lab 2 Traffic 1-332
2026-04-27 15:34:54,402 INFO o.a.j.t.JMeterThread: Thread finished: Lab 2 Traffic 1-332
2026-04-27 15:34:54,448 INFO o.a.j.t.JMeterThread: Thread is done: Lab 2 Traffic 1-329
2026-04-27 15:34:54,448 INFO o.a.j.t.JMeterThread: Thread finished: Lab 2 Traffic 1-329
2026-04-27 15:34:54,461 INFO o.a.j.t.JMeterThread: Thread is done: Lab 2 Traffic 1-328
2026-04-27 15:34:54,461 INFO o.a.j.t.JMeterThread: Thread finished: Lab 2 Traffic 1-328
2026-04-27 15:34:54,464 INFO o.a.j.t.JMeterThread: Thread is done: Lab 2 Traffic 1-331
2026-04-27 15:34:54,464 INFO o.a.j.t.JMeterThread: Thread finished: Lab 2 Traffic 1-331
2026-04-27 15:34:54,631 INFO o.a.j.t.JMeterThread: Thread is done: Lab 2 Traffic 1-343
2026-04-27 15:34:54,631 INFO o.a.j.t.JMeterThread: Thread finished: Lab 2 Traffic 1-343
2026-04-27 15:34:54,633 INFO o.a.j.t.JMeterThread: Thread is done: Lab 2 Traffic 1-334
2026-04-27 15:34:54,633 INFO o.a.j.t.JMeterThread: Thread finished: Lab 2 Traffic 1-334
2026-04-27 15:34:54,662 INFO o.a.j.t.JMeterThread: Thread is done: Lab 2 Traffic 1-335
2026-04-27 15:34:54,662 INFO o.a.j.t.JMeterThread: Thread finished: Lab 2 Traffic 1-335
2026-04-27 15:34:55,110 INFO o.a.j.t.JMeterThread: Thread is done: Lab 2 Traffic 1-333
2026-04-27 15:34:55,110 INFO o.a.j.t.JMeterThread: Thread finished: Lab 2 Traffic 1-333
2026-04-27 15:34:55,145 INFO o.a.j.t.JMeterThread: Thread is done: Lab 2 Traffic 1-336
2026-04-27 15:34:55,145 INFO o.a.j.t.JMeterThread: Thread finished: Lab 2 Traffic 1-336
2026-04-27 15:34:55,585 INFO o.a.j.t.JMeterThread: Thread is done: Lab 2 Traffic 1-337
2026-04-27 15:34:55,585 INFO o.a.j.t.JMeterThread: Thread finished: Lab 2 Traffic 1-337
2026-04-27 15:34:56,414 INFO o.a.j.t.JMeterThread: Thread is done: Lab 2 Traffic 1-338
2026-04-27 15:34:56,414 INFO o.a.j.t.JMeterThread: Thread finished: Lab 2 Traffic 1-338
2026-04-27 15:34:57,168 INFO o.a.j.t.JMeterThread: Thread is done: Lab 2 Traffic 1-339
2026-04-27 15:34:57,168 INFO o.a.j.t.JMeterThread: Thread finished: Lab 2 Traffic 1-339
2026-04-27 15:34:57,603 INFO o.a.j.t.JMeterThread: Thread is done: Lab 2 Traffic 1-340
2026-04-27 15:34:57,603 INFO o.a.j.t.JMeterThread: Thread finished: Lab 2 Traffic 1-340
2026-04-27 15:34:58,344 INFO o.a.j.t.JMeterThread: Thread is done: Lab 2 Traffic 1-341
2026-04-27 15:34:58,344 INFO o.a.j.t.JMeterThread: Thread finished: Lab 2 Traffic 1-341
2026-04-27 15:34:58,644 INFO o.a.j.t.JMeterThread: Thread is done: Lab 2 Traffic 1-344
2026-04-27 15:34:58,644 INFO o.a.j.t.JMeterThread: Thread finished: Lab 2 Traffic 1-344
2026-04-27 15:34:58,733 INFO o.a.j.t.JMeterThread: Thread is done: Lab 2 Traffic 1-342
2026-04-27 15:34:58,733 INFO o.a.j.t.JMeterThread: Thread finished: Lab 2 Traffic 1-342
2026-04-27 15:35:00,060 INFO o.a.j.t.JMeterThread: Thread is done: Lab 2 Traffic 1-345
2026-04-27 15:35:00,061 INFO o.a.j.t.JMeterThread: Thread finished: Lab 2 Traffic 1-345
2026-04-27 15:35:00,070 INFO o.a.j.t.JMeterThread: Thread is done: Lab 2 Traffic 1-347
2026-04-27 15:35:00,070 INFO o.a.j.t.JMeterThread: Thread finished: Lab 2 Traffic 1-347
2026-04-27 15:35:00,101 INFO o.a.j.t.JMeterThread: Thread is done: Lab 2 Traffic 1-346
2026-04-27 15:35:00,101 INFO o.a.j.t.JMeterThread: Thread finished: Lab 2 Traffic 1-346
2026-04-27 15:35:00,107 INFO o.a.j.t.JMeterThread: Thread is done: Lab 2 Traffic 1-348
2026-04-27 15:35:00,107 INFO o.a.j.t.JMeterThread: Thread finished: Lab 2 Traffic 1-348
2026-04-27 15:35:00,192 INFO o.a.j.t.JMeterThread: Thread is done: Lab 2 Traffic 1-349
2026-04-27 15:35:00,192 INFO o.a.j.t.JMeterThread: Thread finished: Lab 2 Traffic 1-349
2026-04-27 15:35:00,246 INFO o.a.j.t.JMeterThread: Thread is done: Lab 2 Traffic 1-350
2026-04-27 15:35:00,246 INFO o.a.j.t.JMeterThread: Thread finished: Lab 2 Traffic 1-350
2026-04-27 15:35:00,258 INFO o.a.j.t.JMeterThread: Thread is done: Lab 2 Traffic 1-352
2026-04-27 15:35:00,258 INFO o.a.j.t.JMeterThread: Thread finished: Lab 2 Traffic 1-352
2026-04-27 15:35:00,323 INFO o.a.j.t.JMeterThread: Thread is done: Lab 2 Traffic 1-351
2026-04-27 15:35:00,323 INFO o.a.j.t.JMeterThread: Thread finished: Lab 2 Traffic 1-351
2026-04-27 15:35:00,383 INFO o.a.j.t.JMeterThread: Thread is done: Lab 2 Traffic 1-355
2026-04-27 15:35:00,383 INFO o.a.j.t.JMeterThread: Thread finished: Lab 2 Traffic 1-355
2026-04-27 15:35:00,473 INFO o.a.j.t.JMeterThread: Thread is done: Lab 2 Traffic 1-356
2026-04-27 15:35:00,474 INFO o.a.j.t.JMeterThread: Thread finished: Lab 2 Traffic 1-356
2026-04-27 15:35:01,410 INFO o.a.j.t.JMeterThread: Thread is done: Lab 2 Traffic 1-353
2026-04-27 15:35:01,410 INFO o.a.j.t.JMeterThread: Thread finished: Lab 2 Traffic 1-353
2026-04-27 15:35:01,428 INFO o.a.j.t.JMeterThread: Thread is done: Lab 2 Traffic 1-354
2026-04-27 15:35:01,428 INFO o.a.j.t.JMeterThread: Thread finished: Lab 2 Traffic 1-354
2026-04-27 15:35:02,121 INFO o.a.j.t.JMeterThread: Thread is done: Lab 2 Traffic 1-359
2026-04-27 15:35:02,121 INFO o.a.j.t.JMeterThread: Thread finished: Lab 2 Traffic 1-359
2026-04-27 15:35:02,879 INFO o.a.j.t.JMeterThread: Thread is done: Lab 2 Traffic 1-363
2026-04-27 15:35:02,879 INFO o.a.j.t.JMeterThread: Thread finished: Lab 2 Traffic 1-363
2026-04-27 15:35:02,959 INFO o.a.j.t.JMeterThread: Thread is done: Lab 2 Traffic 1-358
2026-04-27 15:35:02,959 INFO o.a.j.t.JMeterThread: Thread finished: Lab 2 Traffic 1-358
2026-04-27 15:35:03,470 INFO o.a.j.t.JMeterThread: Thread is done: Lab 2 Traffic 1-360
2026-04-27 15:35:03,471 INFO o.a.j.t.JMeterThread: Thread finished: Lab 2 Traffic 1-360
2026-04-27 15:35:03,655 INFO o.a.j.t.JMeterThread: Thread is done: Lab 2 Traffic 1-362
2026-04-27 15:35:03,655 INFO o.a.j.t.JMeterThread: Thread finished: Lab 2 Traffic 1-362
2026-04-27 15:35:03,671 INFO o.a.j.t.JMeterThread: Thread is done: Lab 2 Traffic 1-357
2026-04-27 15:35:03,671 INFO o.a.j.t.JMeterThread: Thread finished: Lab 2 Traffic 1-357
2026-04-27 15:35:03,679 INFO o.a.j.t.JMeterThread: Thread is done: Lab 2 Traffic 1-361
2026-04-27 15:35:03,679 INFO o.a.j.t.JMeterThread: Thread finished: Lab 2 Traffic 1-361
2026-04-27 15:35:04,058 INFO o.a.j.t.JMeterThread: Thread is done: Lab 2 Traffic 1-364
2026-04-27 15:35:04,059 INFO o.a.j.t.JMeterThread: Thread finished: Lab 2 Traffic 1-364
2026-04-27 15:35:05,330 INFO o.a.j.t.JMeterThread: Thread is done: Lab 2 Traffic 1-368
2026-04-27 15:35:05,330 INFO o.a.j.t.JMeterThread: Thread finished: Lab 2 Traffic 1-368
2026-04-27 15:35:05,376 INFO o.a.j.t.JMeterThread: Thread is done: Lab 2 Traffic 1-365
2026-04-27 15:35:05,376 INFO o.a.j.t.JMeterThread: Thread finished: Lab 2 Traffic 1-365
2026-04-27 15:35:05,379 INFO o.a.j.t.JMeterThread: Thread is done: Lab 2 Traffic 1-366
2026-04-27 15:35:05,379 INFO o.a.j.t.JMeterThread: Thread finished: Lab 2 Traffic 1-366
2026-04-27 15:35:05,383 INFO o.a.j.t.JMeterThread: Thread is done: Lab 2 Traffic 1-371
2026-04-27 15:35:05,384 INFO o.a.j.t.JMeterThread: Thread finished: Lab 2 Traffic 1-371
2026-04-27 15:35:05,413 INFO o.a.j.t.JMeterThread: Thread is done: Lab 2 Traffic 1-369
2026-04-27 15:35:05,414 INFO o.a.j.t.JMeterThread: Thread finished: Lab 2 Traffic 1-369
2026-04-27 15:35:06,740 INFO o.a.j.t.JMeterThread: Thread is done: Lab 2 Traffic 1-367
2026-04-27 15:35:06,740 INFO o.a.j.t.JMeterThread: Thread finished: Lab 2 Traffic 1-367
2026-04-27 15:35:07,031 INFO o.a.j.t.JMeterThread: Thread is done: Lab 2 Traffic 1-372
2026-04-27 15:35:07,031 INFO o.a.j.t.JMeterThread: Thread finished: Lab 2 Traffic 1-372
2026-04-27 15:35:07,073 INFO o.a.j.t.JMeterThread: Thread is done: Lab 2 Traffic 1-370
2026-04-27 15:35:07,073 INFO o.a.j.t.JMeterThread: Thread finished: Lab 2 Traffic 1-370
2026-04-27 15:35:07,086 INFO o.a.j.t.JMeterThread: Thread is done: Lab 2 Traffic 1-379
2026-04-27 15:35:07,086 INFO o.a.j.t.JMeterThread: Thread finished: Lab 2 Traffic 1-379
2026-04-27 15:35:07,847 INFO o.a.j.t.JMeterThread: Thread is done: Lab 2 Traffic 1-373
2026-04-27 15:35:07,847 INFO o.a.j.t.JMeterThread: Thread finished: Lab 2 Traffic 1-373
2026-04-27 15:35:08,514 INFO o.a.j.t.JMeterThread: Thread is done: Lab 2 Traffic 1-376
2026-04-27 15:35:08,515 INFO o.a.j.t.JMeterThread: Thread finished: Lab 2 Traffic 1-376
2026-04-27 15:35:08,559 INFO o.a.j.t.JMeterThread: Thread is done: Lab 2 Traffic 1-378
2026-04-27 15:35:08,559 INFO o.a.j.t.JMeterThread: Thread finished: Lab 2 Traffic 1-378
2026-04-27 15:35:08,596 INFO o.a.j.t.JMeterThread: Thread is done: Lab 2 Traffic 1-388
2026-04-27 15:35:08,596 INFO o.a.j.t.JMeterThread: Thread finished: Lab 2 Traffic 1-388
2026-04-27 15:35:08,640 INFO o.a.j.t.JMeterThread: Thread is done: Lab 2 Traffic 1-377
2026-04-27 15:35:08,640 INFO o.a.j.t.JMeterThread: Thread finished: Lab 2 Traffic 1-377
2026-04-27 15:35:08,642 INFO o.a.j.t.JMeterThread: Thread is done: Lab 2 Traffic 1-374
2026-04-27 15:35:08,642 INFO o.a.j.t.JMeterThread: Thread finished: Lab 2 Traffic 1-374
2026-04-27 15:35:08,649 INFO o.a.j.t.JMeterThread: Thread is done: Lab 2 Traffic 1-375
2026-04-27 15:35:08,649 INFO o.a.j.t.JMeterThread: Thread is done: Lab 2 Traffic 1-384
2026-04-27 15:35:08,649 INFO o.a.j.t.JMeterThread: Thread finished: Lab 2 Traffic 1-375
2026-04-27 15:35:08,649 INFO o.a.j.t.JMeterThread: Thread finished: Lab 2 Traffic 1-384
2026-04-27 15:35:08,765 INFO o.a.j.t.JMeterThread: Thread is done: Lab 2 Traffic 1-385
2026-04-27 15:35:08,765 INFO o.a.j.t.JMeterThread: Thread finished: Lab 2 Traffic 1-385
2026-04-27 15:35:08,790 INFO o.a.j.t.JMeterThread: Thread is done: Lab 2 Traffic 1-382
2026-04-27 15:35:08,790 INFO o.a.j.t.JMeterThread: Thread finished: Lab 2 Traffic 1-382
2026-04-27 15:35:08,872 INFO o.a.j.t.JMeterThread: Thread is done: Lab 2 Traffic 1-381
2026-04-27 15:35:08,872 INFO o.a.j.t.JMeterThread: Thread finished: Lab 2 Traffic 1-381
2026-04-27 15:35:08,917 INFO o.a.j.t.JMeterThread: Thread is done: Lab 2 Traffic 1-391
2026-04-27 15:35:08,917 INFO o.a.j.t.JMeterThread: Thread finished: Lab 2 Traffic 1-391
2026-04-27 15:35:08,919 INFO o.a.j.t.JMeterThread: Thread is done: Lab 2 Traffic 1-387
2026-04-27 15:35:08,919 INFO o.a.j.t.JMeterThread: Thread finished: Lab 2 Traffic 1-387
2026-04-27 15:35:08,921 INFO o.a.j.t.JMeterThread: Thread is done: Lab 2 Traffic 1-380
2026-04-27 15:35:08,921 INFO o.a.j.t.JMeterThread: Thread finished: Lab 2 Traffic 1-380
2026-04-27 15:35:08,956 INFO o.a.j.t.JMeterThread: Thread is done: Lab 2 Traffic 1-386
2026-04-27 15:35:08,957 INFO o.a.j.t.JMeterThread: Thread finished: Lab 2 Traffic 1-386
2026-04-27 15:35:08,958 INFO o.a.j.t.JMeterThread: Thread is done: Lab 2 Traffic 1-394
2026-04-27 15:35:08,958 INFO o.a.j.t.JMeterThread: Thread finished: Lab 2 Traffic 1-394
2026-04-27 15:35:09,008 INFO o.a.j.t.JMeterThread: Thread is done: Lab 2 Traffic 1-389
2026-04-27 15:35:09,008 INFO o.a.j.t.JMeterThread: Thread finished: Lab 2 Traffic 1-389
2026-04-27 15:35:09,023 INFO o.a.j.t.JMeterThread: Thread is done: Lab 2 Traffic 1-383
2026-04-27 15:35:09,023 INFO o.a.j.t.JMeterThread: Thread finished: Lab 2 Traffic 1-383
2026-04-27 15:35:09,071 INFO o.a.j.t.JMeterThread: Thread is done: Lab 2 Traffic 1-390
2026-04-27 15:35:09,071 INFO o.a.j.t.JMeterThread: Thread finished: Lab 2 Traffic 1-390
2026-04-27 15:35:09,108 INFO o.a.j.t.JMeterThread: Thread is done: Lab 2 Traffic 1-393
2026-04-27 15:35:09,108 INFO o.a.j.t.JMeterThread: Thread finished: Lab 2 Traffic 1-393
2026-04-27 15:35:09,139 INFO o.a.j.t.JMeterThread: Thread is done: Lab 2 Traffic 1-397
2026-04-27 15:35:09,139 INFO o.a.j.t.JMeterThread: Thread finished: Lab 2 Traffic 1-397
2026-04-27 15:35:09,184 INFO o.a.j.t.JMeterThread: Thread is done: Lab 2 Traffic 1-392
2026-04-27 15:35:09,184 INFO o.a.j.t.JMeterThread: Thread finished: Lab 2 Traffic 1-392
2026-04-27 15:35:09,338 INFO o.a.j.t.JMeterThread: Thread is done: Lab 2 Traffic 1-400
2026-04-27 15:35:09,338 INFO o.a.j.t.JMeterThread: Thread finished: Lab 2 Traffic 1-400
2026-04-27 15:35:09,349 INFO o.a.j.t.JMeterThread: Thread is done: Lab 2 Traffic 1-395
2026-04-27 15:35:09,349 INFO o.a.j.t.JMeterThread: Thread is done: Lab 2 Traffic 1-398
2026-04-27 15:35:09,349 INFO o.a.j.t.JMeterThread: Thread finished: Lab 2 Traffic 1-395
2026-04-27 15:35:09,349 INFO o.a.j.t.JMeterThread: Thread finished: Lab 2 Traffic 1-398
2026-04-27 15:35:09,388 INFO o.a.j.t.JMeterThread: Thread is done: Lab 2 Traffic 1-399
2026-04-27 15:35:09,388 INFO o.a.j.t.JMeterThread: Thread finished: Lab 2 Traffic 1-399
2026-04-27 15:35:09,388 INFO o.a.j.t.JMeterThread: Thread is done: Lab 2 Traffic 1-404
2026-04-27 15:35:09,388 INFO o.a.j.t.JMeterThread: Thread finished: Lab 2 Traffic 1-404
2026-04-27 15:35:09,437 INFO o.a.j.t.JMeterThread: Thread is done: Lab 2 Traffic 1-396
2026-04-27 15:35:09,437 INFO o.a.j.t.JMeterThread: Thread finished: Lab 2 Traffic 1-396
2026-04-27 15:35:09,453 INFO o.a.j.t.JMeterThread: Thread is done: Lab 2 Traffic 1-401
2026-04-27 15:35:09,453 INFO o.a.j.t.JMeterThread: Thread finished: Lab 2 Traffic 1-401
2026-04-27 15:35:09,492 INFO o.a.j.t.JMeterThread: Thread is done: Lab 2 Traffic 1-403
2026-04-27 15:35:09,493 INFO o.a.j.t.JMeterThread: Thread finished: Lab 2 Traffic 1-403
2026-04-27 15:35:09,552 INFO o.a.j.t.JMeterThread: Thread is done: Lab 2 Traffic 1-402
2026-04-27 15:35:09,552 INFO o.a.j.t.JMeterThread: Thread finished: Lab 2 Traffic 1-402
2026-04-27 15:35:09,637 INFO o.a.j.t.JMeterThread: Thread is done: Lab 2 Traffic 1-406
2026-04-27 15:35:09,637 INFO o.a.j.t.JMeterThread: Thread finished: Lab 2 Traffic 1-406
2026-04-27 15:35:09,687 INFO o.a.j.t.JMeterThread: Thread is done: Lab 2 Traffic 1-405
2026-04-27 15:35:09,687 INFO o.a.j.t.JMeterThread: Thread finished: Lab 2 Traffic 1-405
2026-04-27 15:35:09,689 INFO o.a.j.t.JMeterThread: Thread is done: Lab 2 Traffic 1-408
2026-04-27 15:35:09,689 INFO o.a.j.t.JMeterThread: Thread finished: Lab 2 Traffic 1-408
2026-04-27 15:35:09,756 INFO o.a.j.t.JMeterThread: Thread is done: Lab 2 Traffic 1-407
2026-04-27 15:35:09,756 INFO o.a.j.t.JMeterThread: Thread finished: Lab 2 Traffic 1-407
2026-04-27 15:35:09,758 INFO o.a.j.t.JMeterThread: Thread is done: Lab 2 Traffic 1-411
2026-04-27 15:35:09,758 INFO o.a.j.t.JMeterThread: Thread finished: Lab 2 Traffic 1-411
2026-04-27 15:35:09,780 INFO o.a.j.t.JMeterThread: Thread is done: Lab 2 Traffic 1-409
2026-04-27 15:35:09,780 INFO o.a.j.t.JMeterThread: Thread finished: Lab 2 Traffic 1-409
2026-04-27 15:35:09,983 INFO o.a.j.t.JMeterThread: Thread is done: Lab 2 Traffic 1-412
2026-04-27 15:35:09,983 INFO o.a.j.t.JMeterThread: Thread finished: Lab 2 Traffic 1-412
2026-04-27 15:35:10,098 INFO o.a.j.t.JMeterThread: Thread is done: Lab 2 Traffic 1-413
2026-04-27 15:35:10,098 INFO o.a.j.t.JMeterThread: Thread finished: Lab 2 Traffic 1-413
2026-04-27 15:35:10,098 INFO o.a.j.t.JMeterThread: Thread is done: Lab 2 Traffic 1-416
2026-04-27 15:35:10,098 INFO o.a.j.t.JMeterThread: Thread finished: Lab 2 Traffic 1-416
2026-04-27 15:35:10,105 INFO o.a.j.t.JMeterThread: Thread is done: Lab 2 Traffic 1-414
2026-04-27 15:35:10,105 INFO o.a.j.t.JMeterThread: Thread finished: Lab 2 Traffic 1-414
2026-04-27 15:35:10,105 INFO o.a.j.t.JMeterThread: Thread is done: Lab 2 Traffic 1-417
2026-04-27 15:35:10,105 INFO o.a.j.t.JMeterThread: Thread finished: Lab 2 Traffic 1-417
2026-04-27 15:35:10,132 INFO o.a.j.t.JMeterThread: Thread is done: Lab 2 Traffic 1-410
2026-04-27 15:35:10,132 INFO o.a.j.t.JMeterThread: Thread finished: Lab 2 Traffic 1-410
2026-04-27 15:35:10,136 INFO o.a.j.t.JMeterThread: Thread is done: Lab 2 Traffic 1-427
2026-04-27 15:35:10,136 INFO o.a.j.t.JMeterThread: Thread finished: Lab 2 Traffic 1-427
2026-04-27 15:35:10,137 INFO o.a.j.t.JMeterThread: Thread is done: Lab 2 Traffic 1-421
2026-04-27 15:35:10,137 INFO o.a.j.t.JMeterThread: Thread finished: Lab 2 Traffic 1-421
2026-04-27 15:35:10,189 INFO o.a.j.t.JMeterThread: Thread is done: Lab 2 Traffic 1-415
2026-04-27 15:35:10,189 INFO o.a.j.t.JMeterThread: Thread finished: Lab 2 Traffic 1-415
2026-04-27 15:35:10,268 INFO o.a.j.t.JMeterThread: Thread is done: Lab 2 Traffic 1-423
2026-04-27 15:35:10,268 INFO o.a.j.t.JMeterThread: Thread finished: Lab 2 Traffic 1-423
2026-04-27 15:35:10,338 INFO o.a.j.t.JMeterThread: Thread is done: Lab 2 Traffic 1-420
2026-04-27 15:35:10,338 INFO o.a.j.t.JMeterThread: Thread finished: Lab 2 Traffic 1-420
2026-04-27 15:35:10,342 INFO o.a.j.t.JMeterThread: Thread is done: Lab 2 Traffic 1-418
2026-04-27 15:35:10,343 INFO o.a.j.t.JMeterThread: Thread finished: Lab 2 Traffic 1-418
2026-04-27 15:35:10,516 INFO o.a.j.t.JMeterThread: Thread is done: Lab 2 Traffic 1-426
2026-04-27 15:35:10,516 INFO o.a.j.t.JMeterThread: Thread finished: Lab 2 Traffic 1-426
2026-04-27 15:35:10,565 INFO o.a.j.t.JMeterThread: Thread is done: Lab 2 Traffic 1-432
2026-04-27 15:35:10,565 INFO o.a.j.t.JMeterThread: Thread finished: Lab 2 Traffic 1-432
2026-04-27 15:35:10,655 INFO o.a.j.t.JMeterThread: Thread is done: Lab 2 Traffic 1-429
2026-04-27 15:35:10,655 INFO o.a.j.t.JMeterThread: Thread finished: Lab 2 Traffic 1-429
2026-04-27 15:35:10,665 INFO o.a.j.t.JMeterThread: Thread is done: Lab 2 Traffic 1-422
2026-04-27 15:35:10,665 INFO o.a.j.t.JMeterThread: Thread finished: Lab 2 Traffic 1-422
2026-04-27 15:35:10,673 INFO o.a.j.t.JMeterThread: Thread is done: Lab 2 Traffic 1-428
2026-04-27 15:35:10,673 INFO o.a.j.t.JMeterThread: Thread finished: Lab 2 Traffic 1-428
2026-04-27 15:35:10,706 INFO o.a.j.t.JMeterThread: Thread is done: Lab 2 Traffic 1-425
2026-04-27 15:35:10,706 INFO o.a.j.t.JMeterThread: Thread finished: Lab 2 Traffic 1-425
2026-04-27 15:35:10,722 INFO o.a.j.t.JMeterThread: Thread is done: Lab 2 Traffic 1-424
2026-04-27 15:35:10,722 INFO o.a.j.t.JMeterThread: Thread finished: Lab 2 Traffic 1-424
2026-04-27 15:35:10,784 INFO o.a.j.t.JMeterThread: Thread is done: Lab 2 Traffic 1-433
2026-04-27 15:35:10,785 INFO o.a.j.t.JMeterThread: Thread finished: Lab 2 Traffic 1-433
2026-04-27 15:35:10,785 INFO o.a.j.t.JMeterThread: Thread is done: Lab 2 Traffic 1-419
2026-04-27 15:35:10,785 INFO o.a.j.t.JMeterThread: Thread finished: Lab 2 Traffic 1-419
2026-04-27 15:35:11,051 INFO o.a.j.t.JMeterThread: Thread is done: Lab 2 Traffic 1-430
2026-04-27 15:35:11,051 INFO o.a.j.t.JMeterThread: Thread finished: Lab 2 Traffic 1-430
2026-04-27 15:35:11,103 INFO o.a.j.t.JMeterThread: Thread is done: Lab 2 Traffic 1-435
2026-04-27 15:35:11,104 INFO o.a.j.t.JMeterThread: Thread finished: Lab 2 Traffic 1-435
2026-04-27 15:35:11,175 INFO o.a.j.t.JMeterThread: Thread is done: Lab 2 Traffic 1-434
2026-04-27 15:35:11,175 INFO o.a.j.t.JMeterThread: Thread finished: Lab 2 Traffic 1-434
2026-04-27 15:35:11,259 INFO o.a.j.t.JMeterThread: Thread is done: Lab 2 Traffic 1-431
2026-04-27 15:35:11,259 INFO o.a.j.t.JMeterThread: Thread finished: Lab 2 Traffic 1-431
2026-04-27 15:35:11,363 INFO o.a.j.t.JMeterThread: Thread is done: Lab 2 Traffic 1-441
2026-04-27 15:35:11,363 INFO o.a.j.t.JMeterThread: Thread finished: Lab 2 Traffic 1-441
2026-04-27 15:35:11,580 INFO o.a.j.t.JMeterThread: Thread is done: Lab 2 Traffic 1-436
2026-04-27 15:35:11,580 INFO o.a.j.t.JMeterThread: Thread finished: Lab 2 Traffic 1-436
2026-04-27 15:35:11,585 INFO o.a.j.t.JMeterThread: Thread is done: Lab 2 Traffic 1-437
2026-04-27 15:35:11,585 INFO o.a.j.t.JMeterThread: Thread finished: Lab 2 Traffic 1-437
2026-04-27 15:35:11,706 INFO o.a.j.t.JMeterThread: Thread is done: Lab 2 Traffic 1-450
2026-04-27 15:35:11,707 INFO o.a.j.t.JMeterThread: Thread finished: Lab 2 Traffic 1-450
2026-04-27 15:35:11,709 INFO o.a.j.t.JMeterThread: Thread is done: Lab 2 Traffic 1-446
2026-04-27 15:35:11,709 INFO o.a.j.t.JMeterThread: Thread finished: Lab 2 Traffic 1-446
2026-04-27 15:35:11,730 INFO o.a.j.t.JMeterThread: Thread is done: Lab 2 Traffic 1-438
2026-04-27 15:35:11,730 INFO o.a.j.t.JMeterThread: Thread finished: Lab 2 Traffic 1-438
2026-04-27 15:35:11,882 INFO o.a.j.t.JMeterThread: Thread is done: Lab 2 Traffic 1-442
2026-04-27 15:35:11,882 INFO o.a.j.t.JMeterThread: Thread finished: Lab 2 Traffic 1-442
2026-04-27 15:35:11,885 INFO o.a.j.t.JMeterThread: Thread is done: Lab 2 Traffic 1-453
2026-04-27 15:35:11,885 INFO o.a.j.t.JMeterThread: Thread finished: Lab 2 Traffic 1-453
2026-04-27 15:35:11,891 INFO o.a.j.t.JMeterThread: Thread is done: Lab 2 Traffic 1-440
2026-04-27 15:35:11,891 INFO o.a.j.t.JMeterThread: Thread finished: Lab 2 Traffic 1-440
2026-04-27 15:35:11,918 INFO o.a.j.t.JMeterThread: Thread is done: Lab 2 Traffic 1-439
2026-04-27 15:35:11,918 INFO o.a.j.t.JMeterThread: Thread finished: Lab 2 Traffic 1-439
2026-04-27 15:35:11,922 INFO o.a.j.t.JMeterThread: Thread is done: Lab 2 Traffic 1-447
2026-04-27 15:35:11,922 INFO o.a.j.t.JMeterThread: Thread finished: Lab 2 Traffic 1-447
2026-04-27 15:35:11,930 INFO o.a.j.t.JMeterThread: Thread is done: Lab 2 Traffic 1-445
2026-04-27 15:35:11,930 INFO o.a.j.t.JMeterThread: Thread finished: Lab 2 Traffic 1-445
2026-04-27 15:35:11,930 INFO o.a.j.t.JMeterThread: Thread is done: Lab 2 Traffic 1-452
2026-04-27 15:35:11,930 INFO o.a.j.t.JMeterThread: Thread finished: Lab 2 Traffic 1-452
2026-04-27 15:35:11,944 INFO o.a.j.t.JMeterThread: Thread is done: Lab 2 Traffic 1-443
2026-04-27 15:35:11,944 INFO o.a.j.t.JMeterThread: Thread finished: Lab 2 Traffic 1-443
2026-04-27 15:35:11,986 INFO o.a.j.t.JMeterThread: Thread is done: Lab 2 Traffic 1-456
2026-04-27 15:35:11,986 INFO o.a.j.t.JMeterThread: Thread finished: Lab 2 Traffic 1-456
2026-04-27 15:35:12,015 INFO o.a.j.t.JMeterThread: Thread is done: Lab 2 Traffic 1-451
2026-04-27 15:35:12,015 INFO o.a.j.t.JMeterThread: Thread finished: Lab 2 Traffic 1-451
2026-04-27 15:35:12,055 INFO o.a.j.t.JMeterThread: Thread is done: Lab 2 Traffic 1-462
2026-04-27 15:35:12,055 INFO o.a.j.t.JMeterThread: Thread finished: Lab 2 Traffic 1-462
2026-04-27 15:35:12,059 INFO o.a.j.t.JMeterThread: Thread is done: Lab 2 Traffic 1-448
2026-04-27 15:35:12,059 INFO o.a.j.t.JMeterThread: Thread is done: Lab 2 Traffic 1-444
2026-04-27 15:35:12,059 INFO o.a.j.t.JMeterThread: Thread finished: Lab 2 Traffic 1-444
2026-04-27 15:35:12,059 INFO o.a.j.t.JMeterThread: Thread finished: Lab 2 Traffic 1-448
2026-04-27 15:35:12,070 INFO o.a.j.t.JMeterThread: Thread is done: Lab 2 Traffic 1-465
2026-04-27 15:35:12,070 INFO o.a.j.t.JMeterThread: Thread finished: Lab 2 Traffic 1-465
2026-04-27 15:35:12,074 INFO o.a.j.t.JMeterThread: Thread is done: Lab 2 Traffic 1-457
2026-04-27 15:35:12,074 INFO o.a.j.t.JMeterThread: Thread finished: Lab 2 Traffic 1-457
2026-04-27 15:35:12,077 INFO o.a.j.t.JMeterThread: Thread is done: Lab 2 Traffic 1-458
2026-04-27 15:35:12,077 INFO o.a.j.t.JMeterThread: Thread finished: Lab 2 Traffic 1-458
2026-04-27 15:35:12,113 INFO o.a.j.t.JMeterThread: Thread is done: Lab 2 Traffic 1-459
2026-04-27 15:35:12,113 INFO o.a.j.t.JMeterThread: Thread finished: Lab 2 Traffic 1-459
2026-04-27 15:35:12,126 INFO o.a.j.t.JMeterThread: Thread is done: Lab 2 Traffic 1-461
2026-04-27 15:35:12,126 INFO o.a.j.t.JMeterThread: Thread finished: Lab 2 Traffic 1-461
2026-04-27 15:35:12,128 INFO o.a.j.t.JMeterThread: Thread is done: Lab 2 Traffic 1-455
2026-04-27 15:35:12,128 INFO o.a.j.t.JMeterThread: Thread finished: Lab 2 Traffic 1-455
2026-04-27 15:35:12,144 INFO o.a.j.t.JMeterThread: Thread is done: Lab 2 Traffic 1-460
2026-04-27 15:35:12,144 INFO o.a.j.t.JMeterThread: Thread finished: Lab 2 Traffic 1-460
2026-04-27 15:35:12,157 INFO o.a.j.t.JMeterThread: Thread is done: Lab 2 Traffic 1-449
2026-04-27 15:35:12,157 INFO o.a.j.t.JMeterThread: Thread finished: Lab 2 Traffic 1-449
2026-04-27 15:35:12,164 INFO o.a.j.t.JMeterThread: Thread is done: Lab 2 Traffic 1-454
2026-04-27 15:35:12,164 INFO o.a.j.t.JMeterThread: Thread finished: Lab 2 Traffic 1-454
2026-04-27 15:35:12,182 INFO o.a.j.t.JMeterThread: Thread is done: Lab 2 Traffic 1-463
2026-04-27 15:35:12,182 INFO o.a.j.t.JMeterThread: Thread finished: Lab 2 Traffic 1-463
2026-04-27 15:35:12,207 INFO o.a.j.t.JMeterThread: Thread is done: Lab 2 Traffic 1-467
2026-04-27 15:35:12,207 INFO o.a.j.t.JMeterThread: Thread is done: Lab 2 Traffic 1-466
2026-04-27 15:35:12,207 INFO o.a.j.t.JMeterThread: Thread finished: Lab 2 Traffic 1-467
2026-04-27 15:35:12,207 INFO o.a.j.t.JMeterThread: Thread finished: Lab 2 Traffic 1-466
2026-04-27 15:35:12,209 INFO o.a.j.t.JMeterThread: Thread is done: Lab 2 Traffic 1-468
2026-04-27 15:35:12,209 INFO o.a.j.t.JMeterThread: Thread finished: Lab 2 Traffic 1-468
2026-04-27 15:35:12,212 INFO o.a.j.t.JMeterThread: Thread is done: Lab 2 Traffic 1-464
2026-04-27 15:35:12,213 INFO o.a.j.t.JMeterThread: Thread finished: Lab 2 Traffic 1-464
2026-04-27 15:35:12,215 INFO o.a.j.t.JMeterThread: Thread is done: Lab 2 Traffic 1-471
2026-04-27 15:35:12,215 INFO o.a.j.t.JMeterThread: Thread finished: Lab 2 Traffic 1-471
2026-04-27 15:35:12,239 INFO o.a.j.t.JMeterThread: Thread is done: Lab 2 Traffic 1-472
2026-04-27 15:35:12,240 INFO o.a.j.t.JMeterThread: Thread finished: Lab 2 Traffic 1-472
2026-04-27 15:35:12,241 INFO o.a.j.t.JMeterThread: Thread is done: Lab 2 Traffic 1-469
2026-04-27 15:35:12,243 INFO o.a.j.t.JMeterThread: Thread finished: Lab 2 Traffic 1-469
2026-04-27 15:35:12,275 INFO o.a.j.t.JMeterThread: Thread is done: Lab 2 Traffic 1-473
2026-04-27 15:35:12,275 INFO o.a.j.t.JMeterThread: Thread finished: Lab 2 Traffic 1-473
2026-04-27 15:35:12,420 INFO o.a.j.t.JMeterThread: Thread is done: Lab 2 Traffic 1-470
2026-04-27 15:35:12,420 INFO o.a.j.t.JMeterThread: Thread finished: Lab 2 Traffic 1-470
2026-04-27 15:35:12,492 INFO o.a.j.t.JMeterThread: Thread is done: Lab 2 Traffic 1-474
2026-04-27 15:35:12,492 INFO o.a.j.t.JMeterThread: Thread finished: Lab 2 Traffic 1-474
2026-04-27 15:35:12,888 INFO o.a.j.t.JMeterThread: Thread is done: Lab 2 Traffic 1-476
2026-04-27 15:35:12,889 INFO o.a.j.t.JMeterThread: Thread finished: Lab 2 Traffic 1-476
2026-04-27 15:35:13,115 INFO o.a.j.t.JMeterThread: Thread is done: Lab 2 Traffic 1-475
2026-04-27 15:35:13,115 INFO o.a.j.t.JMeterThread: Thread finished: Lab 2 Traffic 1-475
2026-04-27 15:35:13,283 INFO o.a.j.t.JMeterThread: Thread is done: Lab 2 Traffic 1-482
2026-04-27 15:35:13,283 INFO o.a.j.t.JMeterThread: Thread finished: Lab 2 Traffic 1-482
2026-04-27 15:35:13,393 INFO o.a.j.t.JMeterThread: Thread is done: Lab 2 Traffic 1-477
2026-04-27 15:35:13,393 INFO o.a.j.t.JMeterThread: Thread finished: Lab 2 Traffic 1-477
2026-04-27 15:35:13,411 INFO o.a.j.t.JMeterThread: Thread is done: Lab 2 Traffic 1-481
2026-04-27 15:35:13,411 INFO o.a.j.t.JMeterThread: Thread finished: Lab 2 Traffic 1-481
2026-04-27 15:35:13,472 INFO o.a.j.t.JMeterThread: Thread is done: Lab 2 Traffic 1-480
2026-04-27 15:35:13,472 INFO o.a.j.t.JMeterThread: Thread finished: Lab 2 Traffic 1-480
2026-04-27 15:35:13,483 INFO o.a.j.t.JMeterThread: Thread is done: Lab 2 Traffic 1-483
2026-04-27 15:35:13,483 INFO o.a.j.t.JMeterThread: Thread finished: Lab 2 Traffic 1-483
2026-04-27 15:35:13,485 INFO o.a.j.t.JMeterThread: Thread is done: Lab 2 Traffic 1-479
2026-04-27 15:35:13,485 INFO o.a.j.t.JMeterThread: Thread finished: Lab 2 Traffic 1-479
2026-04-27 15:35:13,694 INFO o.a.j.t.JMeterThread: Thread is done: Lab 2 Traffic 1-485
2026-04-27 15:35:13,694 INFO o.a.j.t.JMeterThread: Thread finished: Lab 2 Traffic 1-485
2026-04-27 15:35:13,792 INFO o.a.j.t.JMeterThread: Thread is done: Lab 2 Traffic 1-484
2026-04-27 15:35:13,793 INFO o.a.j.t.JMeterThread: Thread finished: Lab 2 Traffic 1-484
2026-04-27 15:35:13,814 INFO o.a.j.t.JMeterThread: Thread is done: Lab 2 Traffic 1-486
2026-04-27 15:35:13,814 INFO o.a.j.t.JMeterThread: Thread finished: Lab 2 Traffic 1-486
2026-04-27 15:35:13,848 INFO o.a.j.t.JMeterThread: Thread is done: Lab 2 Traffic 1-478
2026-04-27 15:35:13,848 INFO o.a.j.t.JMeterThread: Thread finished: Lab 2 Traffic 1-478
2026-04-27 15:35:14,026 INFO o.a.j.t.JMeterThread: Thread is done: Lab 2 Traffic 1-492
2026-04-27 15:35:14,026 INFO o.a.j.t.JMeterThread: Thread finished: Lab 2 Traffic 1-492
2026-04-27 15:35:14,063 INFO o.a.j.t.JMeterThread: Thread is done: Lab 2 Traffic 1-487
2026-04-27 15:35:14,063 INFO o.a.j.t.JMeterThread: Thread finished: Lab 2 Traffic 1-487
2026-04-27 15:35:14,081 INFO o.a.j.t.JMeterThread: Thread is done: Lab 2 Traffic 1-488
2026-04-27 15:35:14,081 INFO o.a.j.t.JMeterThread: Thread finished: Lab 2 Traffic 1-488
2026-04-27 15:35:14,104 INFO o.a.j.t.JMeterThread: Thread is done: Lab 2 Traffic 1-495
2026-04-27 15:35:14,104 INFO o.a.j.t.JMeterThread: Thread finished: Lab 2 Traffic 1-495
2026-04-27 15:35:14,210 INFO o.a.j.t.JMeterThread: Thread is done: Lab 2 Traffic 1-490
2026-04-27 15:35:14,210 INFO o.a.j.t.JMeterThread: Thread finished: Lab 2 Traffic 1-490
2026-04-27 15:35:14,237 INFO o.a.j.t.JMeterThread: Thread is done: Lab 2 Traffic 1-489
2026-04-27 15:35:14,238 INFO o.a.j.t.JMeterThread: Thread finished: Lab 2 Traffic 1-489
2026-04-27 15:35:14,338 INFO o.a.j.t.JMeterThread: Thread is done: Lab 2 Traffic 1-491
2026-04-27 15:35:14,338 INFO o.a.j.t.JMeterThread: Thread finished: Lab 2 Traffic 1-491
2026-04-27 15:35:14,365 INFO o.a.j.t.JMeterThread: Thread is done: Lab 2 Traffic 1-497
2026-04-27 15:35:14,365 INFO o.a.j.t.JMeterThread: Thread finished: Lab 2 Traffic 1-497
2026-04-27 15:35:14,367 INFO o.a.j.t.JMeterThread: Thread is done: Lab 2 Traffic 1-493
2026-04-27 15:35:14,367 INFO o.a.j.t.JMeterThread: Thread finished: Lab 2 Traffic 1-493
2026-04-27 15:35:14,447 INFO o.a.j.t.JMeterThread: Thread is done: Lab 2 Traffic 1-499
2026-04-27 15:35:14,447 INFO o.a.j.t.JMeterThread: Thread finished: Lab 2 Traffic 1-499
2026-04-27 15:35:14,532 INFO o.a.j.t.JMeterThread: Thread is done: Lab 2 Traffic 1-498
2026-04-27 15:35:14,532 INFO o.a.j.t.JMeterThread: Thread finished: Lab 2 Traffic 1-498
2026-04-27 15:35:14,533 INFO o.a.j.t.JMeterThread: Thread is done: Lab 2 Traffic 1-500
2026-04-27 15:35:14,533 INFO o.a.j.t.JMeterThread: Thread is done: Lab 2 Traffic 1-494
2026-04-27 15:35:14,533 INFO o.a.j.t.JMeterThread: Thread finished: Lab 2 Traffic 1-494
2026-04-27 15:35:14,533 INFO o.a.j.t.JMeterThread: Thread finished: Lab 2 Traffic 1-500
2026-04-27 15:35:14,661 INFO o.a.j.t.JMeterThread: Thread is done: Lab 2 Traffic 1-496
2026-04-27 15:35:14,661 INFO o.a.j.t.JMeterThread: Thread finished: Lab 2 Traffic 1-496
2026-04-27 15:35:14,662 INFO o.a.j.e.StandardJMeterEngine: Notifying test listeners of end of test
2026-04-27 15:35:14,666 INFO o.a.j.r.Summariser: summary =      0 in 00:00:00 = ******/s Avg:     0 Min: 9223372036854775807 Max: -9223372036854775808 Err:     0 (0.00%)
2026-04-27 15:35:14,668 INFO o.a.j.JMeter: Generating Dashboard
2026-04-27 15:35:14,668 INFO o.a.j.r.d.ReportGenerator: Flushing result collector before report Generation
2026-04-27 15:35:14,692 INFO o.a.j.r.p.NormalizerSampleConsumer: Using format, 'ms', to parse timeStamp field
2026-04-27 15:35:14,780 INFO o.a.j.r.p.AbstractSampleConsumer: class org.apache.jmeter.report.processor.AggregateConsumer#stopProducing(): beginDate produced 0 samples
2026-04-27 15:35:14,780 INFO o.a.j.r.p.AbstractSampleConsumer: class org.apache.jmeter.report.processor.AggregateConsumer#stopProducing(): endDate produced 0 samples
2026-04-27 15:35:14,781 INFO o.a.j.r.p.AbstractSampleConsumer: class org.apache.jmeter.report.processor.ApdexSummaryConsumer#stopProducing(): apdexSummary produced 0 samples
2026-04-27 15:35:14,781 INFO o.a.j.r.p.AbstractSampleConsumer: class org.apache.jmeter.report.processor.RequestsSummaryConsumer#stopProducing(): requestsSummary produced 0 samples
2026-04-27 15:35:14,783 INFO o.a.j.r.p.AbstractSampleConsumer: class org.apache.jmeter.report.processor.StatisticsSummaryConsumer#stopProducing(): statisticsSummary produced 0 samples
2026-04-27 15:35:14,785 INFO o.a.j.r.p.AbstractSampleConsumer: class org.apache.jmeter.report.processor.Top5ErrorsBySamplerConsumer#stopProducing(): top5ErrorsBySampler produced 0 samples
2026-04-27 15:35:14,785 INFO o.a.j.r.p.AbstractSampleConsumer: class org.apache.jmeter.report.processor.ErrorsSummaryConsumer#stopProducing(): errorsSummary produced 0 samples
2026-04-27 15:35:14,785 INFO o.a.j.r.p.AbstractSampleConsumer: class org.apache.jmeter.report.processor.graph.impl.HitsPerSecondGraphConsumer#stopProducing(): hitsPerSecond produced 0 samples
2026-04-27 15:35:14,803 INFO o.a.j.r.p.AbstractSampleConsumer: class org.apache.jmeter.report.processor.graph.impl.LatencyVSRequestGraphConsumer#stopProducing(): latencyVsRequest produced 0 samples
2026-04-27 15:35:14,803 INFO o.a.j.r.p.AbstractSampleConsumer: class org.apache.jmeter.report.processor.graph.impl.SyntheticResponseTimeDistributionGraphConsumer#stopProducing(): syntheticResponseTimeDistribution produced 0 samples
2026-04-27 15:35:14,803 INFO o.a.j.r.p.AbstractSampleConsumer: class org.apache.jmeter.report.processor.graph.impl.BytesThroughputGraphConsumer#stopProducing(): bytesThroughputOverTime produced 0 samples
2026-04-27 15:35:14,803 INFO o.a.j.r.p.AbstractSampleConsumer: class org.apache.jmeter.report.processor.graph.impl.CodesPerSecondGraphConsumer#stopProducing(): codesPerSecond produced 0 samples
2026-04-27 15:35:14,821 INFO o.a.j.r.p.AbstractSampleConsumer: class org.apache.jmeter.report.processor.graph.impl.ResponseTimeVSRequestGraphConsumer#stopProducing(): responseTimeVsRequest produced 0 samples
2026-04-27 15:35:14,821 INFO o.a.j.r.p.AbstractSampleConsumer: class org.apache.jmeter.report.processor.FilterConsumer#stopProducing(): startIntervalControlerFilter produced 10500 samples
2026-04-27 15:35:14,821 INFO o.a.j.r.p.AbstractSampleConsumer: class org.apache.jmeter.report.processor.graph.impl.TotalTPSGraphConsumer#stopProducing(): totalTPS produced 0 samples
2026-04-27 15:35:14,821 INFO o.a.j.r.p.AbstractSampleConsumer: class org.apache.jmeter.report.processor.graph.impl.ActiveThreadsGraphConsumer#stopProducing(): activeThreadsOverTime produced 0 samples
2026-04-27 15:35:14,821 INFO o.a.j.r.p.AbstractSampleConsumer: class org.apache.jmeter.report.processor.graph.impl.TimeVSThreadGraphConsumer#stopProducing(): timeVsThreads produced 0 samples
2026-04-27 15:35:14,822 INFO o.a.j.r.p.AbstractSampleConsumer: class org.apache.jmeter.report.processor.graph.impl.ResponseTimeDistributionGraphConsumer#stopProducing(): responseTimeDistribution produced 0 samples
2026-04-27 15:35:14,822 INFO o.a.j.r.p.AbstractSampleConsumer: class org.apache.jmeter.report.processor.graph.impl.TransactionsPerSecondGraphConsumer#stopProducing(): transactionsPerSecond produced 0 samples
2026-04-27 15:35:14,822 INFO o.a.j.r.p.AbstractSampleConsumer: class org.apache.jmeter.report.processor.graph.impl.ResponseTimePercentilesGraphConsumer#stopProducing(): responseTimePercentiles produced 0 samples
2026-04-27 15:35:14,824 INFO o.a.j.r.p.AbstractSampleConsumer: class org.apache.jmeter.report.processor.graph.impl.ResponseTimePercentilesOverTimeGraphConsumer#stopProducing(): responseTimePercentilesOverTime produced 0 samples
2026-04-27 15:35:14,824 INFO o.a.j.r.p.AbstractSampleConsumer: class org.apache.jmeter.report.processor.graph.impl.ResponseTimeOverTimeGraphConsumer#stopProducing(): responseTimesOverTime produced 0 samples
2026-04-27 15:35:14,824 INFO o.a.j.r.p.AbstractSampleConsumer: class org.apache.jmeter.report.processor.graph.impl.ConnectTimeOverTimeGraphConsumer#stopProducing(): connectTimeOverTime produced 0 samples
2026-04-27 15:35:14,824 INFO o.a.j.r.p.AbstractSampleConsumer: class org.apache.jmeter.report.processor.graph.impl.LatencyOverTimeGraphConsumer#stopProducing(): latenciesOverTime produced 0 samples
2026-04-27 15:35:14,824 INFO o.a.j.r.p.AbstractSampleConsumer: class org.apache.jmeter.report.processor.FilterConsumer#stopProducing(): nameFilter produced 45000 samples
2026-04-27 15:35:14,824 INFO o.a.j.r.p.AbstractSampleConsumer: class org.apache.jmeter.report.processor.FilterConsumer#stopProducing(): dateRangeFilter produced 9000 samples
2026-04-27 15:35:14,824 INFO o.a.j.r.p.AbstractSampleConsumer: class org.apache.jmeter.report.processor.NormalizerSampleConsumer#stopProducing(): normalizer produced 3000 samples
2026-04-27 15:35:14,825 INFO o.a.j.r.p.CsvFileSampleSource: produce(): 3000 samples produced in 116ms on channel 0
2026-04-27 15:35:14,825 INFO o.a.j.r.d.ReportGenerator: Exporting data using exporter:'json' of className:'org.apache.jmeter.report.dashboard.JsonExporter'
2026-04-27 15:35:14,868 INFO o.a.j.r.d.JsonExporter: Found data for consumer statisticsSummary in context
2026-04-27 15:35:14,868 INFO o.a.j.r.d.JsonExporter: Creating statistics for overall
2026-04-27 15:35:14,868 INFO o.a.j.r.d.JsonExporter: Creating statistics for other transactions
2026-04-27 15:35:14,869 INFO o.a.j.r.d.JsonExporter: Checking output folder
2026-04-27 15:35:14,869 INFO o.a.j.r.d.JsonExporter: Writing statistics JSON to /Users/jimhe/Documents/sjsu/DATA236/Lab1/jmeter/results/aws-final-20260427-152721/report-500-final/statistics.json
2026-04-27 15:35:14,888 INFO o.a.j.r.d.ReportGenerator: Exporting data using exporter:'html' of className:'org.apache.jmeter.report.dashboard.HtmlTemplateExporter'
2026-04-27 15:35:14,889 INFO o.a.j.r.d.HtmlTemplateExporter: Will generate dashboard in folder: /Users/jimhe/Documents/sjsu/DATA236/Lab1/jmeter/results/aws-final-20260427-152721/report-500-final
2026-04-27 15:35:14,942 INFO o.a.j.r.d.HtmlTemplateExporter: Report will be generated in: /Users/jimhe/Documents/sjsu/DATA236/Lab1/jmeter/results/aws-final-20260427-152721/report-500-final, creating folder structure
2026-04-27 15:35:14,943 INFO o.a.j.r.d.TemplateVisitor: Copying folder from '/opt/homebrew/Cellar/jmeter/5.6.3/libexec/bin/report-template' to '/Users/jimhe/Documents/sjsu/DATA236/Lab1/jmeter/results/aws-final-20260427-152721/report-500-final', got message: /Users/jimhe/Documents/sjsu/DATA236/Lab1/jmeter/results/aws-final-20260427-152721/report-500-final, found non empty folder with following content [/Users/jimhe/Documents/sjsu/DATA236/Lab1/jmeter/results/aws-final-20260427-152721/report-500-final/statistics.json], will be ignored
2026-04-27 15:35:15,065 INFO o.a.j.JMeter: Dashboard generated
